x	y	showSelected1
2.8208579894397	2	1
4.12391694349813	3.70043971814109	2
3.09898963940118	2	3
3.87413377882797	3.4594316186373	4
2.34242268082221	1	5
3.45530177165708	2	6
2.91698004732038	2	7
2.58092497567562	1	8
1.77085201164214	0	9
3.4798631130231	2.32192809488736	10
2.51851393987789	1	11
3.42176840120692	2.32192809488736	12
2.28103336724773	0	13
3.41229250932305	2.32192809488736	14
2.77085201164214	2	15
3.0068937079479	2	16
2.87390159786446	1.58496250072116	17
2.8555191556678	2	18
2.57863920996807	1.58496250072116	19
3.98686127029005	3	20
2.53907609879278	0	21
2.67486114073781	1	22
1.53147891704226	0	23
2.33041377334919	1	24
2.92685670894969	1.58496250072116	25
3.64777405026883	2.32192809488736	26
2.81224469680037	1.58496250072116	27
3.76447502743441	3	28
2.13672056715641	1	29
2.75891189239797	1	30
3.72729720280359	3	31
2.70070371714502	1.58496250072116	32
2.75511226639507	1.58496250072116	33
3.49679131570004	2.32192809488736	34
3.03181227133037	2	35
3.53237213356788	2.32192809488736	36
2.55144999797288	2	37
2.53907609879278	2	38
2.51188336097887	0	39
3.15442397311465	1	40
2.59217675739587	0	41
2	0	42
2.57863920996807	1	43
3.12254352406875	1.58496250072116	44
1.07918124604762	0	45
2.86923171973098	1	46
1.79239168949825	0	47
4.06164093406169	3.58496250072116	48
3.13830269816628	2	49
2.53529412004277	1	50
4.20932731587807	3.58496250072116	51
2.41664050733828	1	52
4.37828885935693	4	53
1.46239799789896	0	54
2.73719264270474	1	55
2.66370092538965	2	56
2.57287160220048	2	57
4.03854068633746	3.32192809488736	58
2.74350976472843	2	59
2.53402610605614	1	60
4.09085739598153	3.16992500144231	61
2.3384564936046	1	62
2.39445168082622	1.58496250072116	63
2.30102999566398	1	64
1.7481880270062	1	65
2.27646180417324	0	66
3.36078268987328	2.32192809488736	67
1.41497334797082	0	68
3.80332052357875	3.32192809488736	69
2.56937390961505	1	70
2.12710479836481	1	71
3.33162971762993	1.58496250072116	72
2.11394335230684	1	73
2.10037054511756	0	74
2.78461729263288	1	75
2.69810054562339	0	76
3.27253777737524	2	77
3.08493357493672	1	78
2.1846914308176	0	79
2.93500315145366	1	80
2.55388302664387	0	81
3.00817418400643	2	82
3.47187819930729	2.58496250072116	83
2.23552844690755	1	84
2.55750720190566	0	85
2.48429983934679	0	86
2.26007138798507	2	87
3.26054837263698	2	88
2.33243845991561	1	89
1.66275783168157	0	90
2.64443858946784	0	91
1.98227123303957	0	92
2.30102999566398	0	93
3.44575983648863	2.58496250072116	94
2.30749603791321	0	95
2.75739602879302	2	96
2.43616264704076	0	97
2.85003325768977	2	98
4.25307133645726	3.70043971814109	99
1.55630250076729	0	100
1.7481880270062	0	101
2.4345689040342	1	102
2.97497199429807	1	103
1.90308998699194	1	104
3.10243370568134	2	105
3.08278537031645	2	106
1.77085201164214	0	107
1.79934054945358	0	108
1.25527250510331	0	109
3.28780172993023	2	110
3.07151380509509	1.58496250072116	111
3.31323429169472	2	112
1.89209460269048	0	113
3.66801297164183	2.32192809488736	114
1.36172783601759	0	115
2.72997428569956	2	116
2.35602585719312	1	117
2.29225607135648	0	118
1.53147891704226	0	119
1.81291335664286	1	120
2.90955602924118	1.58496250072116	121
2.46686762035411	1	122
1.84509804001426	0	123
3.10037054511756	2	124
2.26717172840301	1.58496250072116	125
1.38021124171161	1	126
2.59328606702046	1.58496250072116	127
2.44247976906445	1	128
2.26951294421792	0	129
2.10037054511756	1.58496250072116	130
2.01703333929878	0	131
2.57518784492766	0	132
3.76102525171137	2.58496250072116	133
2.07918124604762	0	134
1.8750612633917	0	135
1.55630250076729	0	136
1.64345267648619	0	137
2.36361197989214	0	138
3.38863396935179	2	139
2.21218760440396	1.58496250072116	140
3.34044411484012	2	141
2.46239799789896	2	142
1.83250891270624	1	143
1.39794000867204	0	144
3.01452053875792	1.58496250072116	145
3.25983269906348	2	146
2.23299611039215	0	147
1.88081359228079	1	148
2.84198480459011	1.58496250072116	149
3.98353608160299	3.58496250072116	150
3.15289959639375	2	151
2.54406804435028	1	152
2.01283722470517	0	153
1.14612803567824	0	154
2.00860017176192	1	155
1.77085201164214	0	156
1.76342799356294	0	157
3.20897851727625	1.58496250072116	158
2.26245108973043	0	159
1.94448267215017	0	160
2.33445375115093	1	161
1.94939000664491	0	162
1.93449845124357	0	163
3.31680875205302	2	164
1.57978359661681	0	165
3.19423674872383	2	166
3.80645132324726	3.70043971814109	167
2.02938377768521	2	168
1.93951925261862	0	169
2.56702636615906	1	170
2.12710479836481	0	171
3.12872228433843	2.32192809488736	172
2.45484486000851	0	173
2.10380372095596	1	174
1.91381385238372	0	175
3.72082058177034	2.58496250072116	176
2.09342168516224	0	177
1.92427928606188	1	178
1.55630250076729	1	179
1.61278385671974	1	180
2.13987908640124	1	181
1.9731278535997	1	182
1.46239799789896	0	183
2.09691001300806	1	184
1.89209460269048	0	185
2.20682587603185	1	186
1.89762709129044	1	187
1.73239375982297	0	188
3.85793526471943	2.58496250072116	189
2.07188200730613	0	190
2.32014628611105	1	191
2.29885307640971	0	192
2.14612803567824	1	193
1.63346845557959	0	194
1.20411998265592	0	195
2.8228216453031	1	196
1.25527250510331	0	197
1.568201724067	0	198
3.48344464809854	2	199
1.85733249643127	1	200
1.5910646070265	2	201
1.80617997398389	0	202
1.72427586960079	0	203
2.19033169817029	0	204
2.81822589361396	1.58496250072116	205
2.32633586092875	1	206
2.63648789635337	1	207
1.50514997831991	0	208
2.76192783842053	1	209
1.57978359661681	0	210
1.97772360528885	1	211
1.46239799789896	1	212
2.11394335230684	0	213
2.36921585741014	1	214
1.64345267648619	2	215
1.32221929473392	0	216
1.95424250943932	1	217
2.43616264704076	1	218
2.32837960343874	0	219
2.58319877396862	1	220
1.99563519459755	1	221
1.68124123737559	0	222
1.46239799789896	0	223
1.86332286012046	1	224
1.7160033436348	0	225
1.43136376415899	0	226
2.15228834438306	1	227
1.97772360528885	0	228
1.69897000433602	0	229
2.75358305889291	0	230
2.10720996964787	0	231
2.10720996964787	0	232
2.24797326636181	2	233
2.18752072083646	0	234
1.95904139232109	1	235
1.89209460269048	1	236
1.30102999566398	0	237
1.70757017609794	0	238
1.90848501887865	0	239
1.86332286012046	1	240
2.79865064544527	1	241
1.55630250076729	0	242
1.5910646070265	0	243
3.50419891853945	2	244
1.14612803567824	1	245
2.63748972951251	1	246
1.6232492903979	0	247
2.38021124171161	1	248
1.97772360528885	0	249
1	0	250
2.43933269383026	1	251
1.84509804001426	1	252
1.68124123737559	0	253
1.68124123737559	0	254
2.45788189673399	1	255
2.19033169817029	1	256
1.70757017609794	1.58496250072116	257
0.477121254719662	0	258
1.41497334797082	1	259
2.11727129565576	1	260
1.73239375982297	0	261
1.27875360095283	0	262
2.45939248775923	0	263
1.07918124604762	0	264
1.81954393554187	0	265
2.06069784035361	0	266
2.72754125702856	1	267
2.4996870826184	0	268
1.94448267215017	1	269
1.50514997831991	1	270
1.84509804001426	0	271
1.99563519459755	0	272
2	0	273
2.90254677931399	1.58496250072116	274
1.61278385671974	0	275
2.22271647114758	2	276
1.27875360095283	0	277
2.41995574848976	1.58496250072116	278
2.72098574415374	0	279
1.38021124171161	0	280
1.5910646070265	1	281
2.59879050676312	2	282
1.50514997831991	1	283
2.10720996964787	0	284
1.5910646070265	0	285
1.84509804001426	0	286
1.77815125038364	0	287
2.45939248775923	0	288
1.92941892571429	0	289
1.39794000867204	0	290
1.07918124604762	0	291
1.94448267215017	0	292
1.70757017609794	0	293
1.96378782734556	0	294
3.50731604007641	2.58496250072116	295
1.83250891270624	0	296
2.63848925695464	0	297
1.74036268949424	1	298
1.91907809237607	0	299
0.954242509439325	0	300
2.26481782300954	1	301
1.86923171973098	0	302
2.09342168516224	0	303
2.5705429398819	0	304
1.81954393554187	1	305
2.15836249209525	0	306
2.79239168949825	2	307
1.14612803567824	1	308
1.85125834871908	0	309
0.903089986991944	0	310
1.39794000867204	0	311
1.85125834871908	1	312
1.23044892137827	0	313
1.38021124171161	0	314
1.83250891270624	0	315
2.8561244442423	1	316
1.04139268515822	0	317
2.0899051114394	0	318
1.49136169383427	0	319
2.93801909747621	1.58496250072116	320
1.27875360095283	0	321
1.27875360095283	0	322
2.38560627359831	0	323
1.86332286012046	0	324
2.30319605742049	2.32192809488736	325
1.80617997398389	0	326
2.67117284271508	1.58496250072116	327
1.17609125905568	0	328
1.84509804001426	1	329
2.32221929473392	1	330
2.4983105537896	1	331
2.78746047451842	2.58496250072116	332
1.9731278535997	1	333
1.07918124604762	0	334
1.11394335230684	0	335
1.25527250510331	0	336
1.72427586960079	0	337
2.1430148002541	1	338
2.29003461136252	0	339
1.69019608002851	0	340
1.8750612633917	1	341
1.34242268082221	0	342
2.3654879848909	2	343
1.85733249643127	1	344
3.57863920996807	2.58496250072116	345
1.27875360095283	0	346
2.60852603357719	0	347
1.38021124171161	0	348
2.32837960343874	1	349
1.39794000867204	0	350
1.84509804001426	0	351
2.80888586735981	1	352
2.7664128471124	1	353
1.88649072517248	0	354
1.46239799789896	0	355
1.44715803134222	0	356
1.65321251377534	1	357
1.50514997831991	0	358
1.61278385671974	0	359
2.22010808804006	0	360
3.15014216184856	2	361
1.46239799789896	0	362
1.49136169383427	0	363
1.53147891704226	0	364
2.52113808370404	0	365
1.39794000867204	0	366
1.34242268082221	1	367
1.30102999566398	0	368
1.5910646070265	0	369
1.43136376415899	0	370
1.77085201164214	0	371
1.14612803567824	0	372
1.30102999566398	0	373
1.53147891704226	0	374
1.30102999566398	0	375
1.47712125471966	0	376
1.38021124171161	0	377
1.34242268082221	0	378
1.20411998265592	0	379
1.68124123737559	0	380
1.34242268082221	0	381
2.2405492482826	0	382
1.30102999566398	0	383
1.61278385671974	0	384
1.04139268515822	1	385
0.602059991327962	0	386
1.95904139232109	0	387
0.845098040014257	0	388
2.03742649794062	0	389
1.86332286012046	1	390
2.3384564936046	0	391
1.78532983501077	0	392
0.778151250383644	0	393
1.6232492903979	0	394
3.49734438101758	2	395
1.43136376415899	0	396
0.845098040014257	0	397
2.29666519026153	0	398
1.88081359228079	1.58496250072116	399
1.92941892571429	0	400
1.63346845557959	0	401
1.34242268082221	0	402
0.845098040014257	0	403
1.89762709129044	0	404
1.67209785793572	0	405
1.53147891704226	0	406
1.84509804001426	0	407
1.95904139232109	0	408
2.82607480270083	1	409
3.09621458534641	1.58496250072116	410
1.41497334797082	0	411
1	0	412
1.64345267648619	0	413
1.88649072517248	0	414
1.53147891704226	1	415
1.53147891704226	0	416
1	0	417
1.7481880270062	0	418
1.25527250510331	0	419
2.39093510710338	0	420
2.78746047451842	1	421
2.34044411484012	1.58496250072116	422
1.5910646070265	1	423
2.19312459835446	0	424
2.08278537031645	0	425
1.27875360095283	0	426
1.23044892137827	0	427
2.04921802267018	1	428
0.602059991327962	0	429
1.69897000433602	0	430
1.11394335230684	0	431
0.845098040014257	0	432
0.845098040014257	0	433
1.25527250510331	0	434
2.10720996964787	0	435
1.27875360095283	0	436
1.25527250510331	0	437
1.39794000867204	0	438
1.46239799789896	0	439
2.17897694729317	2	440
3.12548126570059	1.58496250072116	441
2.09691001300806	0	442
2.20682587603185	0	443
1.04139268515822	0	444
1.32221929473392	0	445
1.57978359661681	1	446
1.50514997831991	0	447
0.845098040014257	0	448
1.04139268515822	0	449
2.20139712432045	0	450
1.9731278535997	1	451
1.46239799789896	0	452
1.44715803134222	0	453
1.74036268949424	1	454
1.30102999566398	1	455
2.47129171105894	0	456
0.698970004336019	0	457
1.75587485567249	0	458
1.50514997831991	0	459
1	0	460
1.50514997831991	0	461
1.61278385671974	1	462
0.954242509439325	0	463
1.11394335230684	0	464
1.23044892137827	0	465
1.25527250510331	1	466
1.36172783601759	0	467
1.76342799356294	0	468
1.53147891704226	0	469
1.55630250076729	0	470
1.36172783601759	0	471
1.14612803567824	0	472
1.85733249643127	0	473
1.568201724067	0	474
1.38021124171161	1	475
1.39794000867204	1	476
1.90848501887865	1	477
1.17609125905568	0	478
1	0	479
1.50514997831991	0	480
1.75587485567249	1	481
1.23044892137827	0	482
3.19700472802305	2	483
1.83884909073726	0	484
1.14612803567824	0	485
1	0	486
1.50514997831991	1	487
0.602059991327962	0	488
1.32221929473392	0	489
1.30102999566398	0	490
1.72427586960079	1	491
1.8750612633917	0	492
1.69897000433602	1	493
1.91907809237607	0	494
0.778151250383644	0	495
1.38021124171161	0	496
1.80617997398389	1	497
1.17609125905568	0	498
1.14612803567824	0	499
1.14612803567824	1	500
1.17609125905568	0	501
2.01283722470517	1	502
1.38021124171161	0	503
0.954242509439325	0	504
1.20411998265592	0	505
1.14612803567824	0	506
1.11394335230684	0	507
1.50514997831991	0	508
1.44715803134222	0	509
1.46239799789896	0	510
1.69019608002851	0	511
0.698970004336019	0	512
1.14612803567824	0	513
2.07188200730613	0	514
1.07918124604762	0	515
1	0	516
0.903089986991944	0	517
0.778151250383644	0	518
1.32221929473392	0	519
0.903089986991944	1	520
1.7160033436348	0	521
1.36172783601759	0	522
1.27875360095283	1	523
1.60205999132796	0	524
1.07918124604762	1	525
0.602059991327962	0	526
1.11394335230684	0	527
1.41497334797082	0	528
0.698970004336019	1	529
1.568201724067	1	530
1.51851393987789	0	531
1.04139268515822	0	532
1.04139268515822	0	533
2.37106786227174	0	534
1.79239168949825	1	535
1.63346845557959	1	536
2.45024910831936	1	537
0.778151250383644	0	538
1.53147891704226	0	539
1.81291335664286	1	540
0.903089986991944	1	541
1.17609125905568	0	542
1.81291335664286	0	543
2.07918124604762	0	544
1.46239799789896	0	545
1.568201724067	0	546
0.698970004336019	0	547
0.778151250383644	0	548
1.6232492903979	0	549
1.79239168949825	0	550
0.845098040014257	0	551
1.60205999132796	1	552
1.25527250510331	0	553
2.26481782300954	1	554
0.903089986991944	0	555
0.903089986991944	0	556
1.04139268515822	0	557
1.57978359661681	1	558
1.36172783601759	0	559
1.69019608002851	1	560
2.13033376849501	0	561
1.41497334797082	0	562
1.69897000433602	1	563
1.27875360095283	0	564
1.36172783601759	0	565
0.778151250383644	0	566
1.07918124604762	1	567
1.27875360095283	0	568
1.25527250510331	0	569
1.69019608002851	0	570
1.23044892137827	0	571
1.14612803567824	0	572
1.32221929473392	0	573
1.07918124604762	0	574
2.02118929906994	0	575
2.79309160017658	1	576
1.41497334797082	0	577
1.04139268515822	0	578
0.954242509439325	0	579
1.50514997831991	0	580
1.57978359661681	0	581
0.477121254719662	0	582
1.14612803567824	0	583
1.66275783168157	1	584
0.845098040014257	0	585
1.04139268515822	0	586
3.57310378316399	1.58496250072116	587
0.477121254719662	0	588
1.14612803567824	0	589
1.568201724067	0	590
1.65321251377534	0	591
0.903089986991944	0	592
1.20411998265592	0	593
0.477121254719662	0	594
1.72427586960079	0	595
1.04139268515822	0	596
1.43136376415899	0	597
1.49136169383427	0	598
1.17609125905568	0	599
1.14612803567824	0	600
1.39794000867204	0	601
1.78532983501077	0	602
1.17609125905568	0	603
1.51851393987789	0	604
1.46239799789896	0	605
0.778151250383644	1	606
1.77085201164214	1.58496250072116	607
1.55630250076729	0	608
2.73798732633343	1	609
1.43136376415899	1	610
1.47712125471966	0	611
1.85125834871908	0	612
1.17609125905568	0	613
1.11394335230684	0	614
1.04139268515822	0	615
1.46239799789896	1	616
1.27875360095283	0	617
0.698970004336019	0	618
1.17609125905568	1	619
1.32221929473392	0	620
0.845098040014257	0	621
1.68124123737559	2	622
1.17609125905568	1	623
0.845098040014257	0	624
0.477121254719662	0	625
1.20411998265592	1	626
1.53147891704226	1	627
0.698970004336019	0	628
1.14612803567824	1	629
1.17609125905568	0	630
1.34242268082221	1	631
1.86332286012046	1.58496250072116	632
2.32428245529769	1.58496250072116	633
1.25527250510331	0	634
1.88649072517248	0	635
1.47712125471966	0	636
1.20411998265592	0	637
2.75663610824585	1	638
0.845098040014257	0	639
0.903089986991944	0	640
0.954242509439325	0	641
0.954242509439325	0	642
1.17609125905568	1	643
1.36172783601759	0	644
1.04139268515822	0	645
1.89762709129044	0	646
1.92427928606188	0	647
1.14612803567824	0	648
0.778151250383644	0	649
1.11394335230684	0	650
1.11394335230684	0	651
1.11394335230684	0	652
1.04139268515822	0	653
0.903089986991944	0	654
0.778151250383644	0	655
1.17609125905568	0	656
1.98227123303957	1	657
1.63346845557959	1	658
2.18752072083646	0	659
2.09691001300806	1	660
1.92941892571429	1	661
1.17609125905568	0	662
0.954242509439325	0	663
2.94987770403688	1	664
1.94448267215017	1	665
0.698970004336019	0	666
1.61278385671974	0	667
1.17609125905568	0	668
0.845098040014257	0	669
1.11394335230684	0	670
1.07918124604762	1	671
1.14612803567824	0	672
0.954242509439325	0	673
1.38021124171161	0	674
0.301029995663981	0	675
0.954242509439325	0	676
0.778151250383644	0	677
2.10720996964787	0	678
1.20411998265592	0	679
0.903089986991944	1	680
0.477121254719662	0	681
1.63346845557959	1.58496250072116	682
2.66086547800387	0	683
0.778151250383644	0	684
1.14612803567824	0	685
1.57978359661681	0	686
1.23044892137827	0	687
0.778151250383644	0	688
1.20411998265592	0	689
1.39794000867204	1	690
3.5641924606262	2.32192809488736	691
1.17609125905568	0	692
1.9731278535997	1.58496250072116	693
1.17609125905568	0	694
1.04139268515822	0	695
1.07918124604762	0	696
1.30102999566398	1	697
1.07918124604762	0	698
1.20411998265592	0	699
2.95085145888855	1	700
0.845098040014257	1	701
1.78532983501077	0	702
0.602059991327962	0	703
1.11394335230684	0	704
0.698970004336019	0	705
1.27875360095283	0	706
1.70757017609794	0	707
1.63346845557959	0	708
2.11727129565576	0	709
1.20411998265592	0	710
1.39794000867204	0	711
1.25527250510331	0	712
0.778151250383644	0	713
1.91907809237607	0	714
1.86332286012046	0	715
1.14612803567824	0	716
0.477121254719662	0	717
0.698970004336019	0	718
1.11394335230684	0	719
1.43136376415899	0	720
0.845098040014257	0	721
0.903089986991944	0	722
1.92427928606188	1.58496250072116	723
1.61278385671974	2	724
2.36172783601759	1	725
0.778151250383644	0	726
1.41497334797082	1	727
1.5910646070265	0	728
1.99563519459755	1	729
2.70243053644553	0	730
1.63346845557959	0	731
1.44715803134222	0	732
0.903089986991944	0	733
1.82607480270083	1	734
0.954242509439325	0	735
1.88649072517248	0	736
1.85125834871908	0	737
1.83250891270624	1	738
0.477121254719662	0	739
1.47712125471966	0	740
1.39794000867204	0	741
1.47712125471966	0	742
1.92941892571429	1	743
1.36172783601759	0	744
1.41497334797082	0	745
1.39794000867204	0	746
1.49136169383427	0	747
1.04139268515822	0	748
0.477121254719662	0	749
1.6232492903979	1	750
1.07918124604762	1	751
1.39794000867204	0	752
1	0	753
0.954242509439325	0	754
1.43136376415899	1	755
0.602059991327962	0	756
1.32221929473392	1	757
1.43136376415899	1	758
0.954242509439325	0	759
0.602059991327962	0	760
0.698970004336019	0	761
1.14612803567824	0	762
1.20411998265592	0	763
0.477121254719662	0	764
0.778151250383644	0	765
0.903089986991944	1	766
2.38381536598043	0	767
0.602059991327962	0	768
1.32221929473392	1	769
0.698970004336019	0	770
1.04139268515822	0	771
1	0	772
1.23044892137827	0	773
1.07918124604762	0	774
1.14612803567824	0	775
0.602059991327962	0	776
1.77815125038364	0	777
1.30102999566398	0	778
1.67209785793572	1	779
0.903089986991944	0	780
1.32221929473392	0	781
1.07918124604762	0	782
0.903089986991944	0	783
1.90848501887865	1	784
1.95424250943932	1	785
1.20411998265592	0	786
0.845098040014257	0	787
1.30102999566398	0	788
1.27875360095283	0	789
1.81291335664286	1.58496250072116	790
1.88081359228079	1	791
0.602059991327962	0	792
0.954242509439325	0	793
0.778151250383644	0	794
0.845098040014257	0	795
1.68124123737559	0	796
2.27415784926368	0	797
1.75587485567249	1	798
1.50514997831991	0	799
0.602059991327962	0	800
0.903089986991944	0	801
1.32221929473392	0	802
0.903089986991944	1	803
0.602059991327962	1	804
0.778151250383644	0	805
1.53147891704226	0	806
1.44715803134222	0	807
2.35218251811136	0	808
0.778151250383644	0	809
1.17609125905568	0	810
0.698970004336019	0	811
0.602059991327962	0	812
1.11394335230684	0	813
0.954242509439325	0	814
0.778151250383644	0	815
0.778151250383644	0	816
1.20411998265592	1	817
1.17609125905568	0	818
1.14612803567824	1	819
1.79934054945358	0	820
0.778151250383644	0	821
1.04139268515822	1	822
1.41497334797082	0	823
0.477121254719662	0	824
1.23044892137827	0	825
0.845098040014257	0	826
1.53147891704226	1	827
0.845098040014257	0	828
0.698970004336019	0	829
0.845098040014257	0	830
1.07918124604762	1	831
1.47712125471966	0	832
1.41497334797082	1	833
0.778151250383644	0	834
0.845098040014257	0	835
1.32221929473392	0	836
0.477121254719662	0	837
0.698970004336019	0	838
0.602059991327962	0	839
0.845098040014257	0	840
0.903089986991944	0	841
0.477121254719662	0	842
0.602059991327962	0	843
1.25527250510331	0	844
1.30102999566398	0	845
0.778151250383644	0	846
2.91169015875386	1	847
1.07918124604762	0	848
1.17609125905568	0	849
0.903089986991944	0	850
1.27875360095283	0	851
1.38021124171161	0	852
1.25527250510331	0	853
0.301029995663981	0	854
1	0	855
0.845098040014257	0	856
1.57978359661681	0	857
1.34242268082221	0	858
0.698970004336019	0	859
0.903089986991944	0	860
0.301029995663981	0	861
1.60205999132796	0	862
1.57978359661681	0	863
0.903089986991944	1	864
1.36172783601759	0	865
1.32221929473392	0	866
1.77815125038364	0	867
0.954242509439325	1	868
1.6232492903979	0	869
1.27875360095283	0	870
2.06069784035361	0	871
1.83884909073726	0	872
1.34242268082221	0	873
1.55630250076729	1	874
1.14612803567824	0	875
1.73239375982297	0	876
1.34242268082221	0	877
0.845098040014257	0	878
0.903089986991944	0	879
2.6232492903979	0	880
1.69897000433602	1	881
1	0	882
2.21218760440396	1	883
1.25527250510331	0	884
0.698970004336019	0	885
0.845098040014257	0	886
2.24551266781415	1	887
0.698970004336019	0	888
0.778151250383644	0	889
1.68124123737559	0	890
0.301029995663981	0	891
1.568201724067	0	892
0.778151250383644	0	893
1.27875360095283	0	894
0.602059991327962	0	895
1.27875360095283	0	896
1	0	897
2.11394335230684	0	898
2.52633927738984	1	899
2.17318626841227	1	900
1	0	901
1	0	902
0.301029995663981	0	903
1.04139268515822	0	904
1.38021124171161	0	905
2.87737134586977	1	906
1.63346845557959	0	907
0.602059991327962	0	908
1.46239799789896	0	909
1.38021124171161	1	910
0.954242509439325	0	911
1.36172783601759	1	912
1.14612803567824	1	913
0.778151250383644	0	914
0.778151250383644	0	915
0.778151250383644	0	916
1.70757017609794	0	917
1.07918124604762	0	918
0.477121254719662	0	919
0.954242509439325	1	920
1	1	921
1.11394335230684	0	922
1.63346845557959	0	923
0.903089986991944	0	924
1.30102999566398	0	925
0.477121254719662	0	926
0.477121254719662	0	927
0.845098040014257	0	928
1.32221929473392	0	929
0.698970004336019	0	930
0.301029995663981	0	931
1.11394335230684	0	932
0.698970004336019	0	933
1.39794000867204	0	934
1	0	935
0	0	936
1.04139268515822	1	937
0.301029995663981	0	938
0.477121254719662	0	939
1	0	940
0.301029995663981	0	941
1.32221929473392	0	942
1.14612803567824	0	943
0.698970004336019	0	944
1.68124123737559	1	945
1.23044892137827	0	946
1.14612803567824	0	947
0.845098040014257	0	948
1.11394335230684	1	949
1.68124123737559	1	950
0.698970004336019	0	951
0.903089986991944	1	952
0.602059991327962	0	953
0.903089986991944	1	954
0.602059991327962	0	955
0.778151250383644	0	956
1.30102999566398	1	957
1.41497334797082	0	958
0.698970004336019	0	959
0.845098040014257	0	960
2.52244423350632	2	961
0.602059991327962	0	962
1.34242268082221	0	963
1.27875360095283	0	964
1.27875360095283	0	965
1.64345267648619	1	966
2.67024585307412	1.58496250072116	967
0.477121254719662	0	968
1.11394335230684	0	969
0.602059991327962	0	970
0.698970004336019	0	971
0.301029995663981	0	972
1.07918124604762	0	973
1.27875360095283	1	974
0.903089986991944	0	975
0.778151250383644	0	976
0.903089986991944	0	977
0.477121254719662	0	978
2.0899051114394	0	979
0.778151250383644	0	980
1.30102999566398	0	981
1.7160033436348	0	982
0.845098040014257	0	983
1.04139268515822	0	984
0.954242509439325	0	985
0.698970004336019	0	986
0.778151250383644	0	987
0.845098040014257	0	988
0.845098040014257	1	989
0.602059991327962	0	990
1.49136169383427	1	991
0.903089986991944	0	992
1.68124123737559	1	993
0.954242509439325	0	994
0.778151250383644	0	995
1.44715803134222	0	996
0.903089986991944	0	997
0.778151250383644	0	998
1	0	999
1.27875360095283	0	1000
1.30102999566398	1	1001
0.954242509439325	1	1002
0.602059991327962	0	1003
1.39794000867204	0	1004
1.30102999566398	0	1005
1.07918124604762	1	1006
1.14612803567824	0	1007
0.301029995663981	0	1008
1.36172783601759	0	1009
0.698970004336019	0	1010
0.903089986991944	0	1011
0.477121254719662	0	1012
0.778151250383644	0	1013
1	0	1014
0.778151250383644	0	1015
1.17609125905568	0	1016
1.07918124604762	0	1017
0.477121254719662	0	1018
0.477121254719662	0	1019
1.30102999566398	0	1020
0.954242509439325	0	1021
2.38021124171161	0	1022
0.602059991327962	0	1023
1.11394335230684	0	1024
0.301029995663981	0	1025
1.27875360095283	0	1026
2	1	1027
0.602059991327962	0	1028
1.38021124171161	0	1029
1.20411998265592	0	1030
0.778151250383644	0	1031
0.778151250383644	0	1032
0.602059991327962	0	1033
0.698970004336019	0	1034
0.845098040014257	0	1035
0.301029995663981	0	1036
0.778151250383644	0	1037
0.602059991327962	0	1038
1.38021124171161	0	1039
0.954242509439325	0	1040
0.602059991327962	0	1041
1.44715803134222	0	1042
0.698970004336019	0	1043
0.954242509439325	0	1044
0.954242509439325	0	1045
0.845098040014257	1	1046
1.20411998265592	1	1047
0.845098040014257	0	1048
1.11394335230684	0	1049
2.15836249209525	1	1050
0.778151250383644	0	1051
0.477121254719662	0	1052
1.30102999566398	0	1053
0.301029995663981	0	1054
0.954242509439325	1	1055
1.83250891270624	0	1056
1.96378782734556	0	1057
1.07918124604762	0	1058
1.07918124604762	0	1059
0.477121254719662	1	1060
0.477121254719662	1	1061
1.07918124604762	1	1062
1.85125834871908	0	1063
1	0	1064
0.301029995663981	0	1065
1.14612803567824	0	1066
0.845098040014257	0	1067
1.04139268515822	0	1068
1.07918124604762	0	1069
0.903089986991944	0	1070
0.778151250383644	0	1071
1.47712125471966	0	1072
0.903089986991944	0	1073
1	0	1074
3.14113609012074	1.58496250072116	1075
1.23044892137827	0	1076
0.301029995663981	0	1077
1	0	1078
1.53147891704226	0	1079
1.38021124171161	1	1080
0.778151250383644	0	1081
0	0	1082
0.778151250383644	0	1083
2.30749603791321	0	1084
0.698970004336019	0	1085
0.698970004336019	1	1086
1.25527250510331	0	1087
1.5910646070265	0	1088
1.30102999566398	0	1089
0.602059991327962	0	1090
0.477121254719662	0	1091
0.698970004336019	0	1092
0.845098040014257	0	1093
0.602059991327962	0	1094
0.954242509439325	0	1095
1.11394335230684	0	1096
1.93449845124357	1.58496250072116	1097
1.41497334797082	0	1098
1.65321251377534	0	1099
1.63346845557959	0	1100
2.01703333929878	0	1101
1.32221929473392	0	1102
0.778151250383644	0	1103
0.301029995663981	0	1104
1.53147891704226	0	1105
0.698970004336019	1	1106
2.70757017609794	0	1107
1.20411998265592	0	1108
2.17897694729317	1	1109
0.602059991327962	0	1110
0.301029995663981	0	1111
1.17609125905568	0	1112
0.778151250383644	0	1113
2.27646180417324	1	1114
1.30102999566398	0	1115
1.14612803567824	0	1116
0.602059991327962	1	1117
0.477121254719662	0	1118
0.845098040014257	0	1119
0.698970004336019	0	1120
0.602059991327962	0	1121
0.698970004336019	0	1122
1.85733249643127	2	1123
1.47712125471966	1	1124
0.698970004336019	0	1125
0.477121254719662	0	1126
1.20411998265592	1.58496250072116	1127
1.14612803567824	0	1128
0.698970004336019	1	1129
1.46239799789896	0	1130
0.903089986991944	0	1131
0.301029995663981	0	1132
0.778151250383644	0	1133
0.903089986991944	0	1134
1.11394335230684	0	1135
1.23044892137827	0	1136
0.903089986991944	0	1137
0.602059991327962	0	1138
1.07918124604762	0	1139
0.602059991327962	0	1140
0.301029995663981	0	1141
0	0	1142
0.477121254719662	0	1143
0.903089986991944	0	1144
1.07918124604762	0	1145
1.25527250510331	0	1146
0.602059991327962	0	1147
0.301029995663981	0	1148
1	0	1149
0.477121254719662	0	1150
0.602059991327962	0	1151
1.17609125905568	0	1152
0.845098040014257	0	1153
0.477121254719662	0	1154
0.301029995663981	0	1155
1	0	1156
0.477121254719662	0	1157
1	0	1158
0.477121254719662	0	1159
0.778151250383644	0	1160
0.477121254719662	0	1161
0.903089986991944	0	1162
1.17609125905568	0	1163
0.778151250383644	0	1164
0.301029995663981	0	1165
0.301029995663981	0	1166
0.698970004336019	0	1167
1	0	1168
1.11394335230684	0	1169
1.04139268515822	0	1170
0.477121254719662	0	1171
0.602059991327962	0	1172
0.778151250383644	0	1173
1.83250891270624	0	1174
0.903089986991944	0	1175
0.477121254719662	0	1176
1.07918124604762	0	1177
0.698970004336019	0	1178
1.07918124604762	0	1179
0.477121254719662	0	1180
1.88649072517248	0	1181
0.845098040014257	0	1182
1.23044892137827	0	1183
0.698970004336019	0	1184
0.845098040014257	0	1185
1.32221929473392	0	1186
0.477121254719662	0	1187
1	0	1188
0.845098040014257	0	1189
0.477121254719662	0	1190
1.07918124604762	0	1191
0.845098040014257	0	1192
1	1	1193
1.39794000867204	1.58496250072116	1194
1.07918124604762	0	1195
0.698970004336019	0	1196
0.602059991327962	0	1197
0.698970004336019	0	1198
0.845098040014257	0	1199
1	0	1200
0.602059991327962	0	1201
0.301029995663981	0	1202
1.23044892137827	1	1203
0.778151250383644	0	1204
1.17609125905568	0	1205
0.301029995663981	0	1206
0.903089986991944	0	1207
0.477121254719662	0	1208
0.778151250383644	0	1209
0.477121254719662	0	1210
1.47712125471966	0	1211
0.903089986991944	0	1212
0.698970004336019	0	1213
1.96848294855394	1	1214
1.30102999566398	1	1215
0.301029995663981	0	1216
0.301029995663981	1	1217
0.477121254719662	0	1218
1	0	1219
0.301029995663981	0	1220
0.477121254719662	0	1221
0.845098040014257	0	1222
0.301029995663981	0	1223
0.602059991327962	0	1224
1.32221929473392	0	1225
1.39794000867204	0	1226
1	0	1227
0.954242509439325	0	1228
0.602059991327962	0	1229
0.954242509439325	0	1230
0.301029995663981	0	1231
1	0	1232
1	1	1233
1.07918124604762	0	1234
0.903089986991944	0	1235
0.903089986991944	0	1236
0.698970004336019	0	1237
1.25527250510331	0	1238
2.01703333929878	0	1239
0.954242509439325	0	1240
0.301029995663981	0	1241
0.845098040014257	0	1242
0.845098040014257	0	1243
1.07918124604762	0	1244
1.72427586960079	0	1245
0.778151250383644	0	1246
0.845098040014257	0	1247
0.698970004336019	0	1248
0.778151250383644	0	1249
2.63144376901317	1	1250
1.20411998265592	0	1251
1.23044892137827	1	1252
0.602059991327962	0	1253
0.477121254719662	0	1254
0.602059991327962	0	1255
0.954242509439325	0	1256
0.602059991327962	0	1257
1.04139268515822	0	1258
0.301029995663981	0	1259
0.903089986991944	0	1260
0.477121254719662	0	1261
1.07918124604762	0	1262
1	0	1263
1.77085201164214	0	1264
0.778151250383644	0	1265
0.845098040014257	0	1266
1.04139268515822	0	1267
0.301029995663981	0	1268
0.698970004336019	0	1269
1.57978359661681	0	1270
1.07918124604762	0	1271
1.90848501887865	1	1272
1	0	1273
1.72427586960079	0	1274
0.301029995663981	0	1275
1.20411998265592	0	1276
0.301029995663981	0	1277
1	0	1278
0.477121254719662	0	1279
0.698970004336019	0	1280
1	0	1281
1.11394335230684	0	1282
0.477121254719662	0	1283
0.602059991327962	0	1284
0.477121254719662	0	1285
1	0	1286
0.903089986991944	0	1287
1.44715803134222	1	1288
1.23044892137827	0	1289
1.25527250510331	0	1290
0.903089986991944	0	1291
1.36172783601759	0	1292
1.07918124604762	0	1293
0.954242509439325	0	1294
0.778151250383644	0	1295
1.32221929473392	0	1296
0.477121254719662	0	1297
0.301029995663981	0	1298
0.845098040014257	1	1299
0.954242509439325	0	1300
0.301029995663981	0	1301
0.954242509439325	0	1302
0.301029995663981	0	1303
0.778151250383644	0	1304
1.04139268515822	0	1305
0.845098040014257	0	1306
1.36172783601759	0	1307
0.778151250383644	0	1308
1	0	1309
0.778151250383644	0	1310
0.602059991327962	0	1311
0.778151250383644	0	1312
0.778151250383644	0	1313
0.698970004336019	1	1314
0.602059991327962	0	1315
0.602059991327962	0	1316
0.778151250383644	0	1317
0.845098040014257	0	1318
1.53147891704226	1	1319
1.39794000867204	0	1320
1.36172783601759	1	1321
0.845098040014257	0	1322
1.17609125905568	0	1323
1.30102999566398	0	1324
1.55630250076729	0	1325
1.04139268515822	0	1326
0.845098040014257	0	1327
1.32221929473392	0	1328
1.89209460269048	0	1329
0.845098040014257	0	1330
3.03342375548695	2	1331
0.778151250383644	0	1332
0.301029995663981	0	1333
0.903089986991944	0	1334
0	0	1335
0	0	1336
0.845098040014257	0	1337
0.778151250383644	0	1338
0.301029995663981	0	1339
0.698970004336019	0	1340
0.602059991327962	0	1341
0.845098040014257	0	1342
0.698970004336019	0	1343
0.301029995663981	0	1344
1.17609125905568	0	1345
1.17609125905568	0	1346
0.301029995663981	0	1347
1	0	1348
0.602059991327962	0	1349
0.602059991327962	0	1350
0.477121254719662	0	1351
0.301029995663981	0	1352
0.602059991327962	0	1353
0.602059991327962	0	1354
0.778151250383644	0	1355
0.602059991327962	0	1356
0.602059991327962	0	1357
1.23044892137827	0	1358
1	0	1359
0.301029995663981	0	1360
0.845098040014257	0	1361
0.301029995663981	0	1362
0.698970004336019	0	1363
0.698970004336019	0	1364
0.778151250383644	0	1365
0.698970004336019	0	1366
0.845098040014257	0	1367
0.698970004336019	0	1368
1.07918124604762	0	1369
0.477121254719662	0	1370
0.845098040014257	0	1371
0.903089986991944	0	1372
0.477121254719662	0	1373
2.53402610605614	0	1374
1.64345267648619	0	1375
1.43136376415899	1	1376
0.301029995663981	0	1377
0.903089986991944	1	1378
1.27875360095283	0	1379
0.954242509439325	0	1380
0.845098040014257	0	1381
1.20411998265592	1	1382
0.954242509439325	0	1383
0.698970004336019	0	1384
0.698970004336019	0	1385
0.954242509439325	0	1386
0.301029995663981	0	1387
0.477121254719662	0	1388
0	0	1389
0.602059991327962	0	1390
0.778151250383644	0	1391
1.04139268515822	0	1392
0.301029995663981	0	1393
0.698970004336019	0	1394
1.81954393554187	0	1395
0.602059991327962	0	1396
0.301029995663981	0	1397
1.14612803567824	0	1398
1.25527250510331	0	1399
0.845098040014257	0	1400
0.845098040014257	0	1401
0.477121254719662	1	1402
0	0	1403
1.5910646070265	1	1404
0.698970004336019	0	1405
0.477121254719662	0	1406
0.301029995663981	0	1407
0.778151250383644	0	1408
0.845098040014257	0	1409
0.698970004336019	0	1410
0.954242509439325	0	1411
0.301029995663981	0	1412
1.70757017609794	0	1413
0.602059991327962	0	1414
0.845098040014257	0	1415
1.23044892137827	1	1416
0.845098040014257	0	1417
1	0	1418
2.30319605742049	1	1419
0.602059991327962	0	1420
0.954242509439325	0	1421
0.477121254719662	0	1422
0.477121254719662	0	1423
0.845098040014257	0	1424
0.602059991327962	0	1425
2.33645973384853	1	1426
0.845098040014257	0	1427
0.301029995663981	0	1428
2.38916608436453	0	1429
1.25527250510331	0	1430
0.845098040014257	0	1431
0.477121254719662	0	1432
0.698970004336019	0	1433
1.32221929473392	0	1434
0.301029995663981	0	1435
0.698970004336019	0	1436
0.698970004336019	0	1437
0.301029995663981	0	1438
0.602059991327962	0	1439
0.301029995663981	0	1440
1.9912260756925	0	1441
1.14612803567824	0	1442
0.477121254719662	0	1443
0.954242509439325	1	1444
2.47712125471966	0	1445
1.92941892571429	0	1446
0.477121254719662	0	1447
1.68124123737559	1	1448
0.903089986991944	0	1449
1.86923171973098	1	1450
0.301029995663981	0	1451
0.301029995663981	0	1452
1.39794000867204	0	1453
0.778151250383644	0	1454
0.698970004336019	0	1455
0.903089986991944	0	1456
1.20411998265592	0	1457
1.14612803567824	0	1458
1.07918124604762	1	1459
0.903089986991944	1	1460
0.778151250383644	0	1461
0.778151250383644	0	1462
0.845098040014257	0	1463
0.477121254719662	0	1464
0.778151250383644	1	1465
0.477121254719662	0	1466
1.43136376415899	0	1467
1.07918124604762	0	1468
1.95424250943932	0	1469
0.477121254719662	0	1470
0.301029995663981	0	1471
0.477121254719662	0	1472
1.14612803567824	0	1473
0.602059991327962	1	1474
1.07918124604762	1	1475
0.602059991327962	1	1476
0.778151250383644	1	1477
0.301029995663981	0	1478
0.602059991327962	0	1479
1.04139268515822	0	1480
1	0	1481
0.301029995663981	0	1482
0.698970004336019	0	1483
2.11058971029925	0	1484
1.41497334797082	0	1485
0.602059991327962	0	1486
0.301029995663981	0	1487
0.477121254719662	0	1488
1.25527250510331	0	1489
0.301029995663981	0	1490
0.301029995663981	0	1491
0.477121254719662	0	1492
1.20411998265592	0	1493
0.698970004336019	0	1494
0.903089986991944	0	1495
0	0	1496
0.778151250383644	0	1497
0.602059991327962	0	1498
1.04139268515822	0	1499
1	0	1500
1.07918124604762	0	1501
0.778151250383644	0	1502
0.698970004336019	0	1503
0.602059991327962	1	1504
1.568201724067	0	1505
0.477121254719662	0	1506
1.25527250510331	0	1507
1.23044892137827	0	1508
0.477121254719662	0	1509
1.23044892137827	0	1510
0	0	1511
0.903089986991944	0	1512
0.778151250383644	0	1513
0.301029995663981	0	1514
1	0	1515
0.698970004336019	0	1516
0.301029995663981	0	1517
0.477121254719662	0	1518
0	0	1519
0.477121254719662	0	1520
0.903089986991944	0	1521
0.845098040014257	1.58496250072116	1522
0.602059991327962	0	1523
0.301029995663981	0	1524
0.845098040014257	0	1525
1.34242268082221	0	1526
0.301029995663981	0	1527
0.954242509439325	0	1528
0.903089986991944	0	1529
0	0	1530
0.602059991327962	0	1531
1.17609125905568	0	1532
1.07918124604762	0	1533
0.903089986991944	0	1534
1.04139268515822	0	1535
1.14612803567824	1	1536
0.778151250383644	0	1537
0.301029995663981	1	1538
0.477121254719662	0	1539
0.698970004336019	0	1540
0	0	1541
1.11394335230684	0	1542
0.477121254719662	0	1543
0.602059991327962	0	1544
0.778151250383644	0	1545
0.477121254719662	0	1546
1	1	1547
0.698970004336019	0	1548
0.602059991327962	0	1549
0	0	1550
0.602059991327962	0	1551
0.602059991327962	0	1552
0.477121254719662	0	1553
0.778151250383644	0	1554
0	0	1555
1.81291335664286	0	1556
0.477121254719662	0	1557
0.778151250383644	0	1558
0.698970004336019	0	1559
0.602059991327962	0	1560
0	0	1561
0.903089986991944	0	1562
0.477121254719662	0	1563
0.903089986991944	0	1564
0.698970004336019	1	1565
0.698970004336019	0	1566
1.14612803567824	0	1567
0	0	1568
0	0	1569
0.301029995663981	0	1570
1.17609125905568	0	1571
0.698970004336019	0	1572
0.477121254719662	0	1573
0.903089986991944	0	1574
0.778151250383644	0	1575
0	0	1576
0.602059991327962	0	1577
0.778151250383644	0	1578
0.602059991327962	0	1579
0.602059991327962	0	1580
0.602059991327962	0	1581
1.32221929473392	0	1582
0.602059991327962	0	1583
0.778151250383644	0	1584
0.778151250383644	0	1585
0.301029995663981	0	1586
0.301029995663981	0	1587
0	0	1588
0	0	1589
0.954242509439325	0	1590
0.698970004336019	0	1591
0.903089986991944	0	1592
0.954242509439325	0	1593
1.25527250510331	0	1594
2.46538285144842	1	1595
0.477121254719662	0	1596
1.61278385671974	1	1597
0.845098040014257	0	1598
0.602059991327962	0	1599
1.14612803567824	1	1600
0.602059991327962	0	1601
0.778151250383644	0	1602
0.477121254719662	0	1603
1.04139268515822	1	1604
0.477121254719662	0	1605
0.477121254719662	0	1606
0	0	1607
0.602059991327962	0	1608
0.845098040014257	0	1609
1.20411998265592	0	1610
0.477121254719662	0	1611
1	0	1612
0.845098040014257	1	1613
0.301029995663981	0	1614
0.301029995663981	0	1615
0.477121254719662	0	1616
0.301029995663981	0	1617
0.903089986991944	0	1618
0.954242509439325	0	1619
1.27875360095283	1	1620
0.954242509439325	0	1621
0.778151250383644	1	1622
0.301029995663981	0	1623
0.602059991327962	0	1624
0.301029995663981	0	1625
0.477121254719662	0	1626
0.698970004336019	1	1627
0.602059991327962	0	1628
2.77305469336426	1	1629
0.903089986991944	0	1630
1.53147891704226	0	1631
0	0	1632
1	0	1633
0.602059991327962	0	1634
0.778151250383644	0	1635
0.954242509439325	0	1636
1.04139268515822	0	1637
0.903089986991944	0	1638
0.845098040014257	0	1639
0.903089986991944	0	1640
1.63346845557959	1	1641
0.301029995663981	0	1642
0.698970004336019	0	1643
0.778151250383644	0	1644
0	0	1645
0.477121254719662	0	1646
0.477121254719662	0	1647
1	0	1648
0.698970004336019	0	1649
0.477121254719662	0	1650
0	0	1651
0.477121254719662	0	1652
0.698970004336019	0	1653
0.845098040014257	0	1654
0.477121254719662	0	1655
1.11394335230684	0	1656
1.23044892137827	0	1657
0.301029995663981	0	1658
0.477121254719662	0	1659
0.602059991327962	0	1660
0.301029995663981	0	1661
0.778151250383644	0	1662
1.39794000867204	0	1663
0.301029995663981	0	1664
1.14612803567824	0	1665
0.301029995663981	0	1666
0.602059991327962	0	1667
0.301029995663981	0	1668
1.20411998265592	1	1669
0	0	1670
0.477121254719662	0	1671
0	0	1672
0	0	1673
0.477121254719662	0	1674
0.903089986991944	0	1675
0.698970004336019	0	1676
0.698970004336019	0	1677
0.477121254719662	0	1678
0.602059991327962	0	1679
1.04139268515822	1	1680
0.301029995663981	0	1681
0.698970004336019	0	1682
1.17609125905568	0	1683
0	0	1684
0	0	1685
1	0	1686
0.602059991327962	0	1687
0.698970004336019	0	1688
0.301029995663981	0	1689
1.27875360095283	0	1690
0.301029995663981	0	1691
0	0	1692
0.698970004336019	0	1693
2.29225607135648	1	1694
1.36172783601759	1	1695
0.778151250383644	1	1696
0.778151250383644	0	1697
1.25527250510331	0	1698
0.477121254719662	0	1699
0.301029995663981	0	1700
0	0	1701
0.602059991327962	0	1702
1.11394335230684	0	1703
1.27875360095283	0	1704
0.301029995663981	0	1705
1.65321251377534	1	1706
0.778151250383644	0	1707
0	0	1708
0	0	1709
0.845098040014257	0	1710
0.602059991327962	0	1711
0.301029995663981	0	1712
0.903089986991944	1	1713
1	0	1714
1.17609125905568	0	1715
0.778151250383644	0	1716
1.04139268515822	0	1717
0	0	1718
0.477121254719662	0	1719
0.477121254719662	0	1720
1.14612803567824	0	1721
0.477121254719662	0	1722
0	0	1723
0	0	1724
0.301029995663981	0	1725
0.301029995663981	0	1726
0.602059991327962	0	1727
0.477121254719662	0	1728
1	0	1729
0.301029995663981	0	1730
1	0	1731
0.954242509439325	0	1732
0.845098040014257	0	1733
1.07918124604762	0	1734
0.602059991327962	0	1735
0.954242509439325	0	1736
0.778151250383644	0	1737
0.778151250383644	0	1738
0.903089986991944	0	1739
0.602059991327962	1	1740
1.77085201164214	0	1741
0.602059991327962	1	1742
0.954242509439325	0	1743
0.698970004336019	1	1744
0.903089986991944	0	1745
0.602059991327962	0	1746
0.301029995663981	0	1747
0.477121254719662	0	1748
0	0	1749
0.301029995663981	1	1750
1	0	1751
0.301029995663981	0	1752
0.602059991327962	0	1753
0.778151250383644	0	1754
0.954242509439325	0	1755
1.11394335230684	0	1756
0	0	1757
1.44715803134222	0	1758
0.698970004336019	0	1759
0.778151250383644	0	1760
1.07918124604762	1.58496250072116	1761
1.34242268082221	0	1762
1.20411998265592	0	1763
0.301029995663981	0	1764
0.954242509439325	0	1765
0.845098040014257	0	1766
1.65321251377534	1	1767
1.20411998265592	1	1768
0.301029995663981	0	1769
0	0	1770
1.17609125905568	0	1771
0	0	1772
1.34242268082221	0	1773
0.845098040014257	0	1774
0.602059991327962	0	1775
0	0	1776
0	0	1777
0.845098040014257	0	1778
0	0	1779
0.778151250383644	0	1780
0.301029995663981	0	1781
0	0	1782
0.602059991327962	0	1783
1.36172783601759	0	1784
0.845098040014257	0	1785
0.301029995663981	0	1786
1	0	1787
0.602059991327962	0	1788
0.602059991327962	0	1789
0.845098040014257	0	1790
0	0	1791
1.04139268515822	0	1792
0.301029995663981	0	1793
0.301029995663981	0	1794
0.954242509439325	0	1795
0.477121254719662	0	1796
1.11394335230684	0	1797
1.44715803134222	0	1798
1.04139268515822	0	1799
0.698970004336019	0	1800
1	0	1801
