x	y
1.77887649352479	0.684635676036224
1.42447457253433	0.460766549668113
1.26975493617444	0.545870640727711
3.25902204351545	1.1057488043146
1.42248186635954	0.460999123934144
1.97547028331465	0.493643388518992
1.97547028331465	0.493643388518992
2.0626131275164	0.90284879120541
1.42204391977515	0.460518488476826
2.05801255166624	0.892228524595574
0.136691698731902	0.0337280912386556
2.76098037058925	0.812188394353738
1.9760405399428	0.493213117693187
2.76098037058925	0.812188394353738
-0.638944530069775	0.156134678840522
2.76098037058925	0.812188394353738
0.13436303694843	0.0332886519978548
1.42314513115208	0.464520674256509
1.97547028331465	0.493643388518992
2.76098037058925	0.812188394353738
0.163198318954765	0.0319050580443516
1.9760405399428	0.493213117693187
0.937663816241147	0.245703942231671
2.76604731521397	0.797140328730968
1.97547028331465	0.493643388518992
1.78171719375045	0.685418248181854
1.97547028331465	0.493643388518992
2.76164585943614	0.804933473584711
2.76098037058925	0.812188394353738
0.936367330247619	0.245810660023444
0.16558870151055	0.0320942613353925
-1.78355593853231	0.415040398756502
1.42204391977515	0.460518488476826
1.42551433969465	0.464150673012566
2.76098037058925	0.812188394353738
2.76098037058925	0.812188394353738
0.937961312100273	0.245882544650772
1.97547028331465	0.493643388518992
1.9760405399428	0.493213117693187
1.26548451956171	0.542796260351392
1.42248186635954	0.460999123934144
2.76164585943614	0.804933473584711
1.9760405399428	0.493213117693187
1.9760405399428	0.493213117693187
-0.7785651111507	0.270306125911936
1.97547028331465	0.493643388518992
2.76164585943614	0.804933473584711
0.100117895456633	0.0291617999676644
2.76164585943614	0.804933473584711
3.90530673287845	1.66049831475697
0.616870867297751	0.191973847001387
0.98407377907783	0.366453047925217
1.97547028331465	0.493643388518992
1.9760405399428	0.493213117693187
3.61699457579572	1.39046393901408
2.76031666068075	0.80609461503235
0.980647452713659	0.362963151381075
1.97547028331465	0.493643388518992
2.76031666068075	0.80609461503235
2.76098037058925	0.812188394353738
1.97790917110466	0.492162248022775
