x	y	clickSelects
0.11447304468019	1.34840665846259	28
0.09857840109328	0.0252716123701564	1790
0.0814071416625299	1.20487261367058	1408
0.0946183124589399	0.324879168733782	652
0.01790324595409	-0.939389789498691	206
0.11971508846698	1.05810917202182	372
0.01003550119601	1.66697436873198	372
-0.00539545733211999	-1.99950572871085	372
-0.09873052449569	-0.981099686918427	372
0.08766259967561	-1.7893412849569	206
0.000735868644109905	2.22998941786594	1410
0.12462909711454	-0.505336920797198	206
-0.02901256108595	-1.26188194072603	206
0.0693885514060999	-2.41923730998781	206
-0.00337432496111001	1.52019379995196	53
0.0882990977017899	-0.250740934781057	139
0.10565526955317	1.20754650938103	1627
