group	fill	clickSelects
1	#FFFFFF	67
2	#FFFFFF	67
3	#FFFFFF	67
4	#FFFFFF	146
5	#FFFFFF	146
6	#FFFFFF	146
7	#FFFFFF	146
8	#FFFFFF	146
9	#FFFFFF	146
10	#FFFFFF	146
11	#FFFFFF	146
12	#FFFFFF	146
13	#FFFFFF	146
14	#FFFFFF	67
15	#FFFFFF	84
16	#FFFFFF	84
17	#FFFFFF	146
18	#FFFFFF	146
19	#FFFFFF	146
20	#FFFFFF	84
21	#FFFFFF	84
22	#FFFFFF	84
23	#FFFFFF	84
24	#FFFFFF	810
25	#FFFFFF	67
26	#FFFFFF	810
29	#FFFFFF	4
30	#FFFFFF	4
31	#FFFFFF	4
32	#FFFFFF	4
33	#FFFFFF	67
34	#FFFFFF	14
35	#FFFFFF	14
36	#FFFFFF	67
37	#FFFFFF	14
38	#FFFFFF	14
39	#FFFFFF	14
40	#FFFFFF	14
41	#FFFFFF	14
42	#FFFFFF	14
43	#FFFFFF	14
44	#FFFFFF	14
45	#FFFFFF	14
46	#FFFFFF	67
47	#FFFFFF	67
48	#FFFFFF	820
49	#FFFFFF	820
50	#FFFFFF	820
52	#FFFFFF	67
53	#FFFFFF	67
54	#FFFFFF	146
55	#FFFFFF	146
56	#FFFFFF	146
57	#FFFFFF	146
58	#FFFFFF	146
59	#FFFFFF	146
60	#FFFFFF	146
61	#FFFFFF	146
62	#FFFFFF	146
63	#FFFFFF	146
64	#FFFFFF	67
65	#FFFFFF	146
66	#FFFFFF	84
67	#FFFFFF	84
68	#FFFFFF	146
69	#FFFFFF	146
70	#FFFFFF	84
71	#FFFFFF	84
72	#FFFFFF	84
73	#FFFFFF	67
74	#FFFFFF	810
75	#FFFFFF	67
76	#FFFFFF	1388
77	#FFFFFF	4
78	#FFFFFF	4
80	#FFFFFF	4
81	#FFFFFF	4
82	#FFFFFF	67
83	#FFFFFF	4
84	#FFFFFF	67
85	#FFFFFF	14
86	#FFFFFF	67
87	#FFFFFF	14
88	#FFFFFF	14
89	#FFFFFF	14
90	#FFFFFF	14
91	#FFFFFF	14
92	#FFFFFF	14
93	#FFFFFF	14
94	#FFFFFF	14
95	#FFFFFF	14
97	#FFFFFF	67
98	#FFFFFF	67
99	#FFFFFF	820
100	#FFFFFF	820
101	#FFFFFF	146
102	#FFFFFF	146
103	#FFFFFF	67
104	#FFFFFF	67
105	#FFFFFF	146
106	#FFFFFF	146
107	#FFFFFF	146
108	#FFFFFF	146
109	#FFFFFF	146
110	#FFFFFF	146
111	#FFFFFF	146
112	#FFFFFF	146
113	#FFFFFF	146
114	#FFFFFF	146
115	#FFFFFF	67
116	#FFFFFF	146
117	#FFFFFF	84
118	#FFFFFF	146
119	#FFFFFF	146
120	#FFFFFF	146
121	#FFFFFF	84
123	#FFFFFF	67
125	#FFFFFF	1388
126	#FFFFFF	67
127	#FFFFFF	1388
128	#FFFFFF	4
129	#FFFFFF	4
131	#FFFFFF	67
132	#FFFFFF	67
133	#FFFFFF	4
134	#FFFFFF	67
135	#FFFFFF	67
136	#FFFFFF	14
137	#FFFFFF	67
138	#FFFFFF	14
139	#FFFFFF	14
140	#FFFFFF	14
141	#FFFFFF	14
142	#FFFFFF	14
143	#FFFFFF	14
144	#FFFFFF	14
145	#FFFFFF	14
146	#FFFFFF	14
147	#FFFFFF	67
148	#FFFFFF	67
149	#FFFFFF	820
150	#FFFFFF	820
151	#FFFFFF	146
153	#FFFFFF	67
154	#FFFFFF	67
155	#FFFFFF	67
156	#FFFFFF	67
157	#FFFFFF	67
158	#FFFFFF	67
159	#FFFFFF	67
160	#FFFFFF	67
161	#FFFFFF	67
162	#FFFFFF	820
163	#FFFFFF	820
164	#FFFFFF	67
165	#FFFFFF	67
166	#FFFFFF	67
167	#FFFFFF	216
168	#FFFFFF	67
169	#FFFFFF	67
170	#FFFFFF	67
171	#FFFFFF	67
172	#FFFFFF	67
173	#FFFFFF	67
174	#FFFFFF	67
175	#FFFFFF	67
176	#FFFFFF	67
177	#FFFFFF	67
178	#FFFFFF	67
179	#FFFFFF	67
180	#FFFFFF	376
181	#FFFFFF	67
182	#FFFFFF	165
183	#FFFFFF	67
184	#FFFFFF	67
185	#FFFFFF	67
186	#FFFFFF	67
187	#FFFFFF	146
188	#FFFFFF	67
189	#FFFFFF	67
191	#FFFFFF	67
192	#FFFFFF	67
193	#FFFFFF	67
194	#FFFFFF	67
195	#FFFFFF	67
196	#FFFFFF	14
198	#FFFFFF	146
199	#FFFFFF	146
200	#FFFFFF	67
201	#FFFFFF	67
202	#FFFFFF	67
203	#FFFFFF	67
204	#FFFFFF	67
205	#FFFFFF	67
206	#FFFFFF	67
207	#FFFFFF	67
208	#FFFFFF	67
209	#FFFFFF	67
210	#FFFFFF	67
211	#FFFFFF	67
212	#FFFFFF	67
213	#FFFFFF	820
214	#FFFFFF	67
215	#FFFFFF	67
216	#FFFFFF	67
217	#FFFFFF	216
218	#FFFFFF	67
219	#FFFFFF	67
220	#FFFFFF	67
221	#FFFFFF	67
222	#FFFFFF	67
223	#FFFFFF	67
224	#FFFFFF	67
225	#FFFFFF	67
226	#FFFFFF	67
227	#FFFFFF	146
229	#FFFFFF	67
230	#FFFFFF	67
231	#FFFFFF	67
233	#FFFFFF	67
234	#FFFFFF	67
235	#FFFFFF	67
236	#FFFFFF	67
237	#FFFFFF	67
238	#FFFFFF	146
239	#FFFFFF	67
240	#FFFFFF	67
242	#FFFFFF	67
243	#FFFFFF	67
244	#FFFFFF	67
245	#FFFFFF	67
246	#FFFFFF	67
247	#FFFFFF	67
248	#FFFFFF	146
249	#FFFFFF	67
250	#FFFFFF	67
251	#FFFFFF	67
252	#FFFFFF	67
254	#FFFFFF	67
255	#FFFFFF	67
256	#FFFFFF	67
257	#FFFFFF	67
258	#FFFFFF	67
259	#FFFFFF	67
260	#FFFFFF	67
261	#FFFFFF	67
262	#FFFFFF	67
263	#FFFFFF	67
264	#FFFFFF	67
265	#FFFFFF	67
266	#FFFFFF	67
267	#FFFFFF	216
268	#FFFFFF	216
269	#FFFFFF	67
270	#FFFFFF	216
271	#FFFFFF	67
272	#FFFFFF	67
273	#FFFFFF	67
274	#FFFFFF	67
275	#FFFFFF	67
276	#FFFFFF	67
277	#FFFFFF	146
278	#FFFFFF	67
279	#FFFFFF	67
280	#FFFFFF	67
281	#FFFFFF	67
282	#FFFFFF	165
283	#FFFFFF	67
284	#FFFFFF	67
285	#FFFFFF	67
286	#FFFFFF	67
287	#FFFFFF	67
288	#FFFFFF	146
289	#FFFFFF	67
290	#FFFFFF	67
291	#FFFFFF	67
293	#FFFFFF	67
294	#FFFFFF	67
295	#FFFFFF	67
296	#FFFFFF	67
297	#FFFFFF	67
299	#FFFFFF	146
300	#FFFFFF	146
301	#FFFFFF	67
302	#FFFFFF	67
303	#FFFFFF	67
304	#FFFFFF	67
305	#FFFFFF	67
306	#FFFFFF	67
307	#FFFFFF	67
308	#FFFFFF	67
309	#FFFFFF	67
310	#FFFFFF	67
311	#FFFFFF	67
312	#FFFFFF	67
313	#FFFFFF	323
314	#FFFFFF	67
315	#FFFFFF	67
316	#FFFFFF	216
317	#FFFFFF	67
318	#FFFFFF	216
319	#FFFFFF	216
320	#FFFFFF	216
321	#FFFFFF	216
322	#FFFFFF	67
323	#FFFFFF	67
324	#FFFFFF	67
325	#FFFFFF	67
326	#FFFFFF	67
327	#FFFFFF	67
328	#FFFFFF	146
329	#FFFFFF	67
330	#FFFFFF	67
331	#FFFFFF	67
332	#FFFFFF	67
333	#FFFFFF	67
334	#FFFFFF	67
335	#FFFFFF	67
336	#FFFFFF	67
337	#FFFFFF	67
338	#FFFFFF	67
339	#FFFFFF	146
340	#FFFFFF	67
341	#FFFFFF	67
342	#FFFFFF	67
344	#FFFFFF	781
345	#FFFFFF	67
346	#FFFFFF	67
347	#FFFFFF	67
348	#FFFFFF	67
349	#FFFFFF	146
350	#FFFFFF	146
351	#FFFFFF	67
352	#FFFFFF	67
353	#FFFFFF	67
355	#FFFFFF	67
356	#FFFFFF	67
357	#FFFFFF	67
358	#FFFFFF	67
359	#FFFFFF	67
360	#FFFFFF	67
361	#FFFFFF	67
362	#FFFFFF	67
363	#FFFFFF	323
364	#FFFFFF	323
365	#FFFFFF	67
366	#FFFFFF	216
367	#FFFFFF	67
368	#FFFFFF	216
369	#FFFFFF	67
370	#FFFFFF	216
371	#FFFFFF	67
372	#FFFFFF	67
373	#FFFFFF	67
374	#FFFFFF	67
375	#FFFFFF	67
376	#FFFFFF	67
377	#FFFFFF	67
378	#FFFFFF	146
379	#FFFFFF	67
380	#FFFFFF	67
381	#FFFFFF	67
382	#FFFFFF	67
383	#FFFFFF	67
384	#FFFFFF	67
385	#FFFFFF	67
386	#FFFFFF	67
387	#FFFFFF	67
388	#FFFFFF	67
389	#FFFFFF	146
390	#FFFFFF	67
391	#FFFFFF	67
392	#FFFFFF	781
393	#FFFFFF	781
394	#FFFFFF	889
396	#FFFFFF	67
397	#FFFFFF	67
398	#FFFFFF	67
400	#FFFFFF	146
401	#FFFFFF	146
402	#FFFFFF	67
403	#FFFFFF	67
404	#FFFFFF	67
405	#FFFFFF	67
406	#FFFFFF	67
407	#FFFFFF	67
408	#FFFFFF	67
409	#FFFFFF	67
410	#FFFFFF	67
411	#FFFFFF	67
412	#FFFFFF	67
413	#FFFFFF	67
414	#FFFFFF	323
415	#FFFFFF	323
416	#FFFFFF	67
417	#FFFFFF	216
418	#FFFFFF	67
419	#FFFFFF	67
420	#FFFFFF	67
421	#FFFFFF	216
422	#FFFFFF	67
423	#FFFFFF	67
424	#FFFFFF	67
425	#FFFFFF	67
426	#FFFFFF	67
427	#FFFFFF	911
428	#FFFFFF	67
429	#FFFFFF	67
430	#FFFFFF	67
431	#FFFFFF	911
432	#FFFFFF	67
433	#FFFFFF	67
434	#FFFFFF	67
435	#FFFFFF	67
436	#FFFFFF	67
437	#FFFFFF	67
438	#FFFFFF	67
439	#FFFFFF	67
440	#FFFFFF	146
441	#FFFFFF	67
442	#FFFFFF	67
443	#FFFFFF	781
444	#FFFFFF	781
446	#FFFFFF	781
447	#FFFFFF	67
448	#FFFFFF	67
449	#FFFFFF	67
450	#FFFFFF	146
451	#FFFFFF	67
452	#FFFFFF	67
453	#FFFFFF	67
454	#FFFFFF	67
456	#FFFFFF	67
457	#FFFFFF	67
458	#FFFFFF	67
459	#FFFFFF	67
460	#FFFFFF	67
461	#FFFFFF	67
462	#FFFFFF	67
463	#FFFFFF	67
464	#FFFFFF	67
465	#FFFFFF	323
466	#FFFFFF	67
467	#FFFFFF	67
468	#FFFFFF	67
469	#FFFFFF	216
470	#FFFFFF	67
471	#FFFFFF	67
472	#FFFFFF	67
473	#FFFFFF	67
474	#FFFFFF	67
475	#FFFFFF	67
476	#FFFFFF	67
477	#FFFFFF	911
478	#FFFFFF	911
479	#FFFFFF	67
480	#FFFFFF	67
481	#FFFFFF	911
482	#FFFFFF	67
484	#FFFFFF	67
485	#FFFFFF	67
486	#FFFFFF	67
487	#FFFFFF	67
488	#FFFFFF	67
489	#FFFFFF	67
490	#FFFFFF	146
491	#FFFFFF	67
492	#FFFFFF	1293
493	#FFFFFF	781
494	#FFFFFF	1293
495	#FFFFFF	781
497	#FFFFFF	781
498	#FFFFFF	67
499	#FFFFFF	67
501	#FFFFFF	146
502	#FFFFFF	67
503	#FFFFFF	67
504	#FFFFFF	67
505	#FFFFFF	67
506	#FFFFFF	67
507	#FFFFFF	67
508	#FFFFFF	67
509	#FFFFFF	323
510	#FFFFFF	67
511	#FFFFFF	67
512	#FFFFFF	67
513	#FFFFFF	67
514	#FFFFFF	323
515	#FFFFFF	323
516	#FFFFFF	67
517	#FFFFFF	67
518	#FFFFFF	216
519	#FFFFFF	67
520	#FFFFFF	216
521	#FFFFFF	67
522	#FFFFFF	67
523	#FFFFFF	67
524	#FFFFFF	67
525	#FFFFFF	67
526	#FFFFFF	67
527	#FFFFFF	67
528	#FFFFFF	67
529	#FFFFFF	911
530	#FFFFFF	67
531	#FFFFFF	911
532	#FFFFFF	67
533	#FFFFFF	67
534	#FFFFFF	67
535	#FFFFFF	67
536	#FFFFFF	67
537	#FFFFFF	67
538	#FFFFFF	67
539	#FFFFFF	67
540	#FFFFFF	67
541	#FFFFFF	146
542	#FFFFFF	67
543	#FFFFFF	1293
544	#FFFFFF	1293
545	#FFFFFF	1293
546	#FFFFFF	781
548	#FFFFFF	67
549	#FFFFFF	67
550	#FFFFFF	67
551	#FFFFFF	146
552	#FFFFFF	67
553	#FFFFFF	67
554	#FFFFFF	67
555	#FFFFFF	67
557	#FFFFFF	67
558	#FFFFFF	67
559	#FFFFFF	67
560	#FFFFFF	323
561	#FFFFFF	67
562	#FFFFFF	67
563	#FFFFFF	67
564	#FFFFFF	323
565	#FFFFFF	323
566	#FFFFFF	67
567	#FFFFFF	67
568	#FFFFFF	67
569	#FFFFFF	67
570	#FFFFFF	216
571	#FFFFFF	67
572	#FFFFFF	67
573	#FFFFFF	67
574	#FFFFFF	67
576	#FFFFFF	67
577	#FFFFFF	67
578	#FFFFFF	67
579	#FFFFFF	67
580	#FFFFFF	67
581	#FFFFFF	911
582	#FFFFFF	67
583	#FFFFFF	67
584	#FFFFFF	67
585	#FFFFFF	67
586	#FFFFFF	67
587	#FFFFFF	67
588	#FFFFFF	67
589	#FFFFFF	67
590	#FFFFFF	67
591	#FFFFFF	67
592	#FFFFFF	67
593	#FFFFFF	1293
594	#FFFFFF	1293
595	#FFFFFF	67
596	#FFFFFF	1293
597	#FFFFFF	781
599	#FFFFFF	889
600	#FFFFFF	67
602	#FFFFFF	146
603	#FFFFFF	146
604	#FFFFFF	67
605	#FFFFFF	67
606	#FFFFFF	67
607	#FFFFFF	67
608	#FFFFFF	67
609	#FFFFFF	67
610	#FFFFFF	67
611	#FFFFFF	323
612	#FFFFFF	67
613	#FFFFFF	67
614	#FFFFFF	67
615	#FFFFFF	323
616	#FFFFFF	323
617	#FFFFFF	323
618	#FFFFFF	67
619	#FFFFFF	216
620	#FFFFFF	67
621	#FFFFFF	323
622	#FFFFFF	67
623	#FFFFFF	67
624	#FFFFFF	67
626	#FFFFFF	67
627	#FFFFFF	67
628	#FFFFFF	67
629	#FFFFFF	67
630	#FFFFFF	911
631	#FFFFFF	67
632	#FFFFFF	67
633	#FFFFFF	67
634	#FFFFFF	67
635	#FFFFFF	67
636	#FFFFFF	67
637	#FFFFFF	67
638	#FFFFFF	67
639	#FFFFFF	67
640	#FFFFFF	67
641	#FFFFFF	67
642	#FFFFFF	67
643	#FFFFFF	67
644	#FFFFFF	67
645	#FFFFFF	67
646	#FFFFFF	1293
647	#FFFFFF	781
648	#FFFFFF	781
650	#FFFFFF	889
651	#FFFFFF	67
652	#FFFFFF	67
653	#FFFFFF	67
654	#FFFFFF	67
655	#FFFFFF	67
656	#FFFFFF	323
658	#FFFFFF	67
659	#FFFFFF	67
660	#FFFFFF	323
661	#FFFFFF	323
662	#FFFFFF	67
663	#FFFFFF	67
664	#FFFFFF	67
665	#FFFFFF	67
666	#FFFFFF	323
667	#FFFFFF	323
668	#FFFFFF	323
669	#FFFFFF	323
670	#FFFFFF	67
671	#FFFFFF	323
672	#FFFFFF	67
673	#FFFFFF	67
674	#FFFFFF	67
675	#FFFFFF	67
676	#FFFFFF	67
677	#FFFFFF	67
678	#FFFFFF	67
679	#FFFFFF	67
680	#FFFFFF	67
681	#FFFFFF	67
682	#FFFFFF	1295
683	#FFFFFF	67
684	#FFFFFF	67
685	#FFFFFF	67
686	#FFFFFF	67
687	#FFFFFF	67
688	#FFFFFF	67
689	#FFFFFF	67
690	#FFFFFF	67
691	#FFFFFF	67
692	#FFFFFF	67
693	#FFFFFF	67
694	#FFFFFF	67
695	#FFFFFF	67
696	#FFFFFF	67
697	#FFFFFF	1293
698	#FFFFFF	781
699	#FFFFFF	67
700	#FFFFFF	889
701	#FFFFFF	67
703	#FFFFFF	67
704	#FFFFFF	67
705	#FFFFFF	67
706	#FFFFFF	67
707	#FFFFFF	67
708	#FFFFFF	67
709	#FFFFFF	67
710	#FFFFFF	67
711	#FFFFFF	323
712	#FFFFFF	67
713	#FFFFFF	323
714	#FFFFFF	67
715	#FFFFFF	323
716	#FFFFFF	323
717	#FFFFFF	323
718	#FFFFFF	323
719	#FFFFFF	323
720	#FFFFFF	323
721	#FFFFFF	67
722	#FFFFFF	67
723	#FFFFFF	67
724	#FFFFFF	67
725	#FFFFFF	67
726	#FFFFFF	67
727	#FFFFFF	67
728	#FFFFFF	67
729	#FFFFFF	67
730	#FFFFFF	1295
731	#FFFFFF	1295
732	#FFFFFF	67
733	#FFFFFF	67
734	#FFFFFF	67
735	#FFFFFF	67
736	#FFFFFF	67
737	#FFFFFF	67
738	#FFFFFF	67
739	#FFFFFF	67
740	#FFFFFF	67
741	#FFFFFF	67
742	#FFFFFF	67
743	#FFFFFF	67
744	#FFFFFF	67
745	#FFFFFF	67
746	#FFFFFF	67
747	#FFFFFF	1293
748	#FFFFFF	781
749	#FFFFFF	781
750	#FFFFFF	67
751	#FFFFFF	889
752	#FFFFFF	67
753	#FFFFFF	67
754	#FFFFFF	67
755	#FFFFFF	67
756	#FFFFFF	67
757	#FFFFFF	323
759	#FFFFFF	67
760	#FFFFFF	67
761	#FFFFFF	323
762	#FFFFFF	323
763	#FFFFFF	323
764	#FFFFFF	67
765	#FFFFFF	67
766	#FFFFFF	323
767	#FFFFFF	323
768	#FFFFFF	323
769	#FFFFFF	323
770	#FFFFFF	323
771	#FFFFFF	67
772	#FFFFFF	323
773	#FFFFFF	67
774	#FFFFFF	67
775	#FFFFFF	67
776	#FFFFFF	67
777	#FFFFFF	67
778	#FFFFFF	67
779	#FFFFFF	1341
780	#FFFFFF	67
781	#FFFFFF	1295
782	#FFFFFF	67
783	#FFFFFF	67
784	#FFFFFF	67
785	#FFFFFF	67
786	#FFFFFF	67
787	#FFFFFF	67
788	#FFFFFF	67
789	#FFFFFF	67
790	#FFFFFF	67
791	#FFFFFF	67
792	#FFFFFF	67
793	#FFFFFF	67
794	#FFFFFF	67
795	#FFFFFF	67
796	#FFFFFF	67
797	#FFFFFF	67
798	#FFFFFF	1293
799	#FFFFFF	781
800	#FFFFFF	67
801	#FFFFFF	67
804	#FFFFFF	67
805	#FFFFFF	67
806	#FFFFFF	67
807	#FFFFFF	67
808	#FFFFFF	323
809	#FFFFFF	67
810	#FFFFFF	67
811	#FFFFFF	67
812	#FFFFFF	323
813	#FFFFFF	323
814	#FFFFFF	323
815	#FFFFFF	67
816	#FFFFFF	67
817	#FFFFFF	323
818	#FFFFFF	323
819	#FFFFFF	323
820	#FFFFFF	323
821	#FFFFFF	323
822	#FFFFFF	67
823	#FFFFFF	67
824	#FFFFFF	67
825	#FFFFFF	67
826	#FFFFFF	67
827	#FFFFFF	67
828	#FFFFFF	67
829	#FFFFFF	1341
830	#FFFFFF	67
831	#FFFFFF	1295
833	#FFFFFF	67
835	#FFFFFF	67
836	#FFFFFF	67
837	#FFFFFF	67
838	#FFFFFF	67
839	#FFFFFF	67
840	#FFFFFF	67
841	#FFFFFF	67
842	#FFFFFF	67
843	#FFFFFF	67
844	#FFFFFF	67
845	#FFFFFF	67
846	#FFFFFF	67
847	#FFFFFF	67
848	#FFFFFF	67
849	#FFFFFF	781
850	#FFFFFF	781
851	#FFFFFF	67
852	#FFFFFF	67
854	#FFFFFF	67
855	#FFFFFF	67
856	#FFFFFF	67
857	#FFFFFF	67
858	#FFFFFF	323
860	#FFFFFF	67
861	#FFFFFF	67
862	#FFFFFF	323
863	#FFFFFF	323
864	#FFFFFF	67
865	#FFFFFF	67
866	#FFFFFF	323
867	#FFFFFF	323
868	#FFFFFF	323
869	#FFFFFF	323
870	#FFFFFF	323
871	#FFFFFF	323
872	#FFFFFF	67
873	#FFFFFF	323
874	#FFFFFF	67
875	#FFFFFF	67
876	#FFFFFF	67
877	#FFFFFF	67
878	#FFFFFF	67
879	#FFFFFF	67
880	#FFFFFF	1341
881	#FFFFFF	67
882	#FFFFFF	67
883	#FFFFFF	67
884	#FFFFFF	1295
885	#FFFFFF	67
886	#FFFFFF	67
887	#FFFFFF	67
888	#FFFFFF	67
889	#FFFFFF	67
890	#FFFFFF	67
891	#FFFFFF	67
892	#FFFFFF	67
893	#FFFFFF	67
894	#FFFFFF	67
895	#FFFFFF	67
896	#FFFFFF	67
897	#FFFFFF	67
898	#FFFFFF	67
899	#FFFFFF	67
900	#FFFFFF	67
901	#FFFFFF	781
902	#FFFFFF	67
903	#FFFFFF	67
905	#FFFFFF	67
906	#FFFFFF	67
907	#FFFFFF	67
908	#FFFFFF	67
909	#FFFFFF	67
910	#FFFFFF	67
911	#FFFFFF	67
912	#FFFFFF	67
913	#FFFFFF	323
914	#FFFFFF	323
915	#FFFFFF	67
916	#FFFFFF	67
917	#FFFFFF	323
918	#FFFFFF	323
919	#FFFFFF	323
920	#FFFFFF	323
921	#FFFFFF	323
922	#FFFFFF	323
923	#FFFFFF	67
924	#FFFFFF	67
925	#FFFFFF	67
926	#FFFFFF	67
927	#FFFFFF	67
928	#FFFFFF	67
929	#FFFFFF	67
932	#FFFFFF	67
933	#FFFFFF	67
934	#FFFFFF	67
935	#FFFFFF	67
936	#FFFFFF	67
937	#FFFFFF	67
938	#FFFFFF	67
939	#FFFFFF	67
940	#FFFFFF	67
941	#FFFFFF	67
942	#FFFFFF	67
943	#FFFFFF	67
944	#FFFFFF	67
945	#FFFFFF	67
946	#FFFFFF	67
947	#FFFFFF	67
948	#FFFFFF	67
949	#FFFFFF	67
950	#FFFFFF	67
951	#FFFFFF	781
952	#FFFFFF	67
953	#FFFFFF	67
954	#FFFFFF	67
955	#FFFFFF	67
956	#FFFFFF	67
957	#FFFFFF	67
958	#FFFFFF	67
959	#FFFFFF	67
961	#FFFFFF	67
962	#FFFFFF	67
963	#FFFFFF	323
964	#FFFFFF	323
965	#FFFFFF	67
966	#FFFFFF	323
967	#FFFFFF	323
968	#FFFFFF	323
969	#FFFFFF	323
970	#FFFFFF	323
971	#FFFFFF	323
972	#FFFFFF	323
973	#FFFFFF	67
974	#FFFFFF	323
975	#FFFFFF	67
976	#FFFFFF	67
977	#FFFFFF	67
978	#FFFFFF	67
979	#FFFFFF	67
980	#FFFFFF	1341
981	#FFFFFF	67
982	#FFFFFF	67
983	#FFFFFF	67
984	#FFFFFF	67
985	#FFFFFF	67
986	#FFFFFF	67
987	#FFFFFF	67
988	#FFFFFF	67
989	#FFFFFF	67
990	#FFFFFF	67
991	#FFFFFF	67
992	#FFFFFF	67
994	#FFFFFF	67
995	#FFFFFF	67
996	#FFFFFF	67
997	#FFFFFF	67
998	#FFFFFF	67
999	#FFFFFF	67
1000	#FFFFFF	67
1001	#FFFFFF	67
1002	#FFFFFF	67
1003	#FFFFFF	67
1004	#FFFFFF	67
1006	#FFFFFF	67
1007	#FFFFFF	67
1008	#FFFFFF	67
1009	#FFFFFF	67
1010	#FFFFFF	67
1011	#FFFFFF	67
1012	#FFFFFF	67
1013	#FFFFFF	67
1014	#FFFFFF	323
1015	#FFFFFF	323
1016	#FFFFFF	323
1017	#FFFFFF	323
1018	#FFFFFF	323
1019	#FFFFFF	323
1020	#FFFFFF	323
1021	#FFFFFF	323
1022	#FFFFFF	323
1023	#FFFFFF	323
1024	#FFFFFF	67
1025	#FFFFFF	67
1026	#FFFFFF	67
1027	#FFFFFF	67
1028	#FFFFFF	67
1029	#FFFFFF	67
1030	#FFFFFF	67
1031	#FFFFFF	67
1032	#FFFFFF	67
1033	#FFFFFF	67
1034	#FFFFFF	67
1035	#FFFFFF	67
1036	#FFFFFF	67
1037	#FFFFFF	67
1038	#FFFFFF	67
1039	#FFFFFF	67
1040	#FFFFFF	67
1041	#FFFFFF	67
1042	#FFFFFF	67
1043	#FFFFFF	67
1044	#FFFFFF	67
1045	#FFFFFF	67
1046	#FFFFFF	67
1047	#FFFFFF	67
1048	#FFFFFF	67
1049	#FFFFFF	67
1050	#FFFFFF	67
1051	#FFFFFF	67
1052	#FFFFFF	67
1053	#FFFFFF	67
1054	#FFFFFF	67
1055	#FFFFFF	67
1056	#FFFFFF	67
1057	#FFFFFF	67
1058	#FFFFFF	67
1059	#FFFFFF	67
1060	#FFFFFF	323
1062	#FFFFFF	67
1063	#FFFFFF	67
1064	#FFFFFF	323
1065	#FFFFFF	323
1066	#FFFFFF	323
1067	#FFFFFF	323
1068	#FFFFFF	323
1069	#FFFFFF	323
1070	#FFFFFF	323
1071	#FFFFFF	323
1072	#FFFFFF	323
1073	#FFFFFF	323
1074	#FFFFFF	67
1075	#FFFFFF	323
1076	#FFFFFF	67
1077	#FFFFFF	67
1078	#FFFFFF	67
1079	#FFFFFF	67
1080	#FFFFFF	67
1081	#FFFFFF	67
1082	#FFFFFF	67
1083	#FFFFFF	67
1084	#FFFFFF	67
1085	#FFFFFF	67
1086	#FFFFFF	67
1087	#FFFFFF	67
1088	#FFFFFF	67
1089	#FFFFFF	67
1090	#FFFFFF	67
1091	#FFFFFF	67
1092	#FFFFFF	67
1093	#FFFFFF	67
1094	#FFFFFF	67
1095	#FFFFFF	67
1096	#FFFFFF	67
1097	#FFFFFF	67
1098	#FFFFFF	67
1099	#FFFFFF	67
1100	#FFFFFF	67
1101	#FFFFFF	67
1102	#FFFFFF	67
1103	#FFFFFF	14
1104	#FFFFFF	67
1105	#FFFFFF	67
1107	#FFFFFF	67
1108	#FFFFFF	67
1109	#FFFFFF	67
1110	#FFFFFF	67
1111	#FFFFFF	67
1112	#FFFFFF	67
1113	#FFFFFF	67
1114	#FFFFFF	67
1115	#FFFFFF	323
1116	#FFFFFF	323
1117	#FFFFFF	323
1118	#FFFFFF	323
1119	#FFFFFF	323
1120	#FFFFFF	323
1121	#FFFFFF	323
1122	#FFFFFF	323
1123	#FFFFFF	323
1124	#FFFFFF	67
1125	#FFFFFF	67
1126	#FFFFFF	67
1127	#FFFFFF	67
1128	#FFFFFF	67
1129	#FFFFFF	323
1130	#FFFFFF	67
1131	#FFFFFF	67
1133	#FFFFFF	67
1134	#FFFFFF	67
1135	#FFFFFF	67
1136	#FFFFFF	67
1137	#FFFFFF	67
1138	#FFFFFF	67
1139	#FFFFFF	67
1140	#FFFFFF	67
1141	#FFFFFF	67
1142	#FFFFFF	67
1143	#FFFFFF	67
1144	#FFFFFF	67
1145	#FFFFFF	67
1146	#FFFFFF	67
1147	#FFFFFF	67
1148	#FFFFFF	67
1149	#FFFFFF	67
1150	#FFFFFF	67
1151	#FFFFFF	67
1152	#FFFFFF	67
1153	#FFFFFF	14
1154	#FFFFFF	67
1155	#FFFFFF	67
1156	#FFFFFF	67
1157	#FFFFFF	67
1158	#FFFFFF	67
1159	#FFFFFF	67
1160	#FFFFFF	67
1161	#FFFFFF	323
1163	#FFFFFF	67
1164	#FFFFFF	67
1165	#FFFFFF	820
1166	#FFFFFF	146
1167	#FFFFFF	146
1168	#FFFFFF	146
1169	#FFFFFF	146
1170	#FFFFFF	146
1171	#FFFFFF	1707
1172	#FFFFFF	84
1173	#FFFFFF	84
1174	#FFFFFF	146
1175	#FFFFFF	67
1176	#FFFFFF	146
1177	#FFFFFF	84
1178	#FFFFFF	84
1179	#FFFFFF	146
1180	#FFFFFF	146
1181	#FFFFFF	146
1182	#FFFFFF	84
1183	#FFFFFF	84
1184	#FFFFFF	67
1185	#FFFFFF	4
1186	#FFFFFF	67
1187	#FFFFFF	4
1188	#FFFFFF	4
1189	#FFFFFF	67
1192	#FFFFFF	67
1193	#FFFFFF	67
1194	#FFFFFF	67
1195	#FFFFFF	67
1196	#FFFFFF	67
1197	#FFFFFF	67
1198	#FFFFFF	14
1199	#FFFFFF	14
1200	#FFFFFF	14
1201	#FFFFFF	14
1202	#FFFFFF	14
1203	#FFFFFF	14
1204	#FFFFFF	14
1205	#FFFFFF	14
1206	#FFFFFF	14
1208	#FFFFFF	67
1209	#FFFFFF	67
1210	#FFFFFF	67
1211	#FFFFFF	67
1212	#FFFFFF	820
1213	#FFFFFF	146
1214	#FFFFFF	67
1215	#FFFFFF	67
1216	#FFFFFF	146
1217	#FFFFFF	146
1218	#FFFFFF	146
1219	#FFFFFF	146
1220	#FFFFFF	146
1221	#FFFFFF	146
1222	#FFFFFF	1707
1223	#FFFFFF	84
1224	#FFFFFF	84
1225	#FFFFFF	84
1226	#FFFFFF	67
1227	#FFFFFF	84
1228	#FFFFFF	84
1229	#FFFFFF	84
1230	#FFFFFF	84
1231	#FFFFFF	146
1232	#FFFFFF	84
1233	#FFFFFF	67
1234	#FFFFFF	67
1235	#FFFFFF	4
1236	#FFFFFF	4
1237	#FFFFFF	67
1238	#FFFFFF	4
1239	#FFFFFF	4
1240	#FFFFFF	67
1241	#FFFFFF	67
1243	#FFFFFF	67
1244	#FFFFFF	67
1245	#FFFFFF	67
1246	#FFFFFF	67
1247	#FFFFFF	14
1248	#FFFFFF	67
1249	#FFFFFF	14
1250	#FFFFFF	14
1251	#FFFFFF	14
1252	#FFFFFF	14
1253	#FFFFFF	14
1254	#FFFFFF	14
1255	#FFFFFF	14
1256	#FFFFFF	14
1257	#FFFFFF	14
1258	#FFFFFF	67
1259	#FFFFFF	67
1260	#FFFFFF	67
1261	#FFFFFF	820
1262	#FFFFFF	820
1264	#FFFFFF	67
1265	#FFFFFF	67
1266	#FFFFFF	323
1267	#FFFFFF	323
1268	#FFFFFF	323
1269	#FFFFFF	323
1270	#FFFFFF	323
1271	#FFFFFF	323
1272	#FFFFFF	323
1273	#FFFFFF	323
1274	#FFFFFF	323
1275	#FFFFFF	323
1276	#FFFFFF	67
1277	#FFFFFF	67
1278	#FFFFFF	323
1279	#FFFFFF	67
1280	#FFFFFF	323
1281	#FFFFFF	67
1282	#FFFFFF	67
1283	#FFFFFF	67
1284	#FFFFFF	67
1285	#FFFFFF	67
1286	#FFFFFF	67
1287	#FFFFFF	67
1288	#FFFFFF	67
1289	#FFFFFF	67
1290	#FFFFFF	67
1291	#FFFFFF	67
1292	#FFFFFF	67
1293	#FFFFFF	67
1294	#FFFFFF	67
1295	#FFFFFF	67
1296	#FFFFFF	67
1297	#FFFFFF	67
1298	#FFFFFF	67
1299	#FFFFFF	67
1300	#FFFFFF	14
1301	#FFFFFF	67
1302	#FFFFFF	67
1303	#FFFFFF	67
1304	#FFFFFF	14
1305	#FFFFFF	14
1306	#FFFFFF	67
1307	#FFFFFF	14
1309	#FFFFFF	67
1310	#FFFFFF	67
1311	#FFFFFF	67
1312	#FFFFFF	67
1313	#FFFFFF	67
1314	#FFFFFF	67
1315	#FFFFFF	67
1316	#FFFFFF	67
1317	#FFFFFF	323
1318	#FFFFFF	323
1319	#FFFFFF	323
1320	#FFFFFF	323
1321	#FFFFFF	323
1322	#FFFFFF	323
1323	#FFFFFF	323
1324	#FFFFFF	323
1325	#FFFFFF	323
1326	#FFFFFF	67
1327	#FFFFFF	67
1328	#FFFFFF	323
1329	#FFFFFF	323
1330	#FFFFFF	323
1331	#FFFFFF	323
1332	#FFFFFF	323
1333	#FFFFFF	67
1334	#FFFFFF	67
1335	#FFFFFF	67
1336	#FFFFFF	67
1337	#FFFFFF	67
1338	#FFFFFF	67
1339	#FFFFFF	67
1340	#FFFFFF	67
1341	#FFFFFF	67
1342	#FFFFFF	67
1343	#FFFFFF	67
1344	#FFFFFF	67
1345	#FFFFFF	67
1346	#FFFFFF	67
1347	#FFFFFF	67
1348	#FFFFFF	67
1349	#FFFFFF	67
1350	#FFFFFF	67
1351	#FFFFFF	14
1352	#FFFFFF	14
1353	#FFFFFF	67
1354	#FFFFFF	14
1355	#FFFFFF	14
1356	#FFFFFF	67
1357	#FFFFFF	14
1358	#FFFFFF	14
1359	#FFFFFF	67
1360	#FFFFFF	67
1361	#FFFFFF	67
1362	#FFFFFF	67
1363	#FFFFFF	67
1365	#FFFFFF	67
1366	#FFFFFF	67
1367	#FFFFFF	323
1368	#FFFFFF	323
1369	#FFFFFF	323
1370	#FFFFFF	323
1371	#FFFFFF	323
1372	#FFFFFF	323
1373	#FFFFFF	323
1374	#FFFFFF	323
1375	#FFFFFF	323
1376	#FFFFFF	323
1377	#FFFFFF	67
1378	#FFFFFF	323
1379	#FFFFFF	323
1380	#FFFFFF	323
1381	#FFFFFF	323
1382	#FFFFFF	323
1383	#FFFFFF	67
1384	#FFFFFF	67
1385	#FFFFFF	67
1386	#FFFFFF	67
1387	#FFFFFF	67
1388	#FFFFFF	67
1389	#FFFFFF	67
1390	#FFFFFF	67
1391	#FFFFFF	67
1392	#FFFFFF	67
1393	#FFFFFF	67
1395	#FFFFFF	67
1396	#FFFFFF	67
1397	#FFFFFF	67
1398	#FFFFFF	67
1399	#FFFFFF	166
1400	#FFFFFF	67
1401	#FFFFFF	67
1402	#FFFFFF	14
1403	#FFFFFF	14
1404	#FFFFFF	14
1405	#FFFFFF	14
1406	#FFFFFF	67
1407	#FFFFFF	14
1408	#FFFFFF	14
1410	#FFFFFF	67
1411	#FFFFFF	67
1412	#FFFFFF	67
1413	#FFFFFF	67
1414	#FFFFFF	67
1415	#FFFFFF	166
1416	#FFFFFF	67
1417	#FFFFFF	166
1418	#FFFFFF	67
1419	#FFFFFF	67
1420	#FFFFFF	323
1421	#FFFFFF	323
1422	#FFFFFF	67
1423	#FFFFFF	323
1424	#FFFFFF	323
1425	#FFFFFF	323
1426	#FFFFFF	323
1427	#FFFFFF	323
1428	#FFFFFF	67
1429	#FFFFFF	323
1430	#FFFFFF	323
1431	#FFFFFF	323
1432	#FFFFFF	323
1433	#FFFFFF	67
1434	#FFFFFF	67
1435	#FFFFFF	67
1436	#FFFFFF	67
1437	#FFFFFF	67
1438	#FFFFFF	67
1439	#FFFFFF	166
1440	#FFFFFF	67
1441	#FFFFFF	67
1442	#FFFFFF	67
1443	#FFFFFF	67
1444	#FFFFFF	67
1445	#FFFFFF	67
1446	#FFFFFF	67
1447	#FFFFFF	67
1448	#FFFFFF	67
1449	#FFFFFF	67
1450	#FFFFFF	166
1451	#FFFFFF	67
1452	#FFFFFF	14
1453	#FFFFFF	14
1454	#FFFFFF	14
1455	#FFFFFF	14
1456	#FFFFFF	67
1457	#FFFFFF	67
1458	#FFFFFF	67
1459	#FFFFFF	14
1460	#FFFFFF	67
1461	#FFFFFF	67
1462	#FFFFFF	67
1463	#FFFFFF	67
1464	#FFFFFF	67
1466	#FFFFFF	166
1467	#FFFFFF	166
1468	#FFFFFF	67
1469	#FFFFFF	67
1470	#FFFFFF	67
1471	#FFFFFF	67
1472	#FFFFFF	323
1473	#FFFFFF	67
1474	#FFFFFF	323
1475	#FFFFFF	323
1476	#FFFFFF	323
1477	#FFFFFF	323
1478	#FFFFFF	67
1479	#FFFFFF	323
1480	#FFFFFF	323
1481	#FFFFFF	323
1482	#FFFFFF	67
1483	#FFFFFF	323
1484	#FFFFFF	67
1485	#FFFFFF	67
1486	#FFFFFF	67
1487	#FFFFFF	67
1488	#FFFFFF	67
1489	#FFFFFF	166
1490	#FFFFFF	67
1491	#FFFFFF	67
1492	#FFFFFF	67
1493	#FFFFFF	67
1494	#FFFFFF	67
1495	#FFFFFF	67
1496	#FFFFFF	67
1497	#FFFFFF	67
1498	#FFFFFF	67
1499	#FFFFFF	67
1500	#FFFFFF	166
1501	#FFFFFF	67
1502	#FFFFFF	67
1503	#FFFFFF	67
1504	#FFFFFF	67
1505	#FFFFFF	14
1506	#FFFFFF	67
1507	#FFFFFF	67
1508	#FFFFFF	67
1509	#FFFFFF	67
1511	#FFFFFF	166
1512	#FFFFFF	67
1513	#FFFFFF	67
1514	#FFFFFF	67
1515	#FFFFFF	67
1516	#FFFFFF	166
1517	#FFFFFF	166
1518	#FFFFFF	166
1519	#FFFFFF	67
1520	#FFFFFF	67
1521	#FFFFFF	67
1522	#FFFFFF	323
1523	#FFFFFF	67
1524	#FFFFFF	67
1525	#FFFFFF	323
1526	#FFFFFF	323
1527	#FFFFFF	323
1528	#FFFFFF	323
1529	#FFFFFF	67
1530	#FFFFFF	323
1531	#FFFFFF	323
1532	#FFFFFF	67
1533	#FFFFFF	67
1534	#FFFFFF	67
1535	#FFFFFF	67
1536	#FFFFFF	67
1537	#FFFFFF	67
1538	#FFFFFF	67
1539	#FFFFFF	67
1540	#FFFFFF	166
1541	#FFFFFF	67
1542	#FFFFFF	67
1543	#FFFFFF	67
1544	#FFFFFF	67
1545	#FFFFFF	67
1546	#FFFFFF	67
1547	#FFFFFF	67
1548	#FFFFFF	67
1549	#FFFFFF	67
1550	#FFFFFF	67
1551	#FFFFFF	166
1552	#FFFFFF	67
1553	#FFFFFF	67
1554	#FFFFFF	67
1555	#FFFFFF	14
1556	#FFFFFF	14
1557	#FFFFFF	14
1558	#FFFFFF	14
1559	#FFFFFF	14
1560	#FFFFFF	67
1561	#FFFFFF	166
1562	#FFFFFF	67
1563	#FFFFFF	67
1564	#FFFFFF	67
1565	#FFFFFF	67
1567	#FFFFFF	166
1568	#FFFFFF	166
1569	#FFFFFF	67
1570	#FFFFFF	67
1571	#FFFFFF	67
1572	#FFFFFF	67
1573	#FFFFFF	323
1574	#FFFFFF	67
1575	#FFFFFF	67
1576	#FFFFFF	323
1577	#FFFFFF	323
1578	#FFFFFF	323
1579	#FFFFFF	166
1580	#FFFFFF	323
1581	#FFFFFF	323
1582	#FFFFFF	323
1583	#FFFFFF	323
1584	#FFFFFF	67
1585	#FFFFFF	67
1586	#FFFFFF	67
1587	#FFFFFF	67
1588	#FFFFFF	67
1589	#FFFFFF	67
1590	#FFFFFF	67
1591	#FFFFFF	67
1592	#FFFFFF	67
1593	#FFFFFF	67
1594	#FFFFFF	67
1595	#FFFFFF	67
1596	#FFFFFF	67
1597	#FFFFFF	67
1598	#FFFFFF	67
1599	#FFFFFF	67
1600	#FFFFFF	67
1601	#FFFFFF	166
1602	#FFFFFF	67
1603	#FFFFFF	67
1604	#FFFFFF	67
1605	#FFFFFF	14
1606	#FFFFFF	14
1607	#FFFFFF	14
1608	#FFFFFF	14
1609	#FFFFFF	14
1610	#FFFFFF	14
1612	#FFFFFF	166
1613	#FFFFFF	166
1614	#FFFFFF	67
1615	#FFFFFF	67
1616	#FFFFFF	67
1617	#FFFFFF	166
1618	#FFFFFF	166
1619	#FFFFFF	166
1620	#FFFFFF	67
1621	#FFFFFF	67
1622	#FFFFFF	67
1623	#FFFFFF	67
1624	#FFFFFF	67
1625	#FFFFFF	67
1626	#FFFFFF	323
1627	#FFFFFF	67
1628	#FFFFFF	323
1629	#FFFFFF	323
1630	#FFFFFF	166
1631	#FFFFFF	323
1632	#FFFFFF	323
1633	#FFFFFF	323
1634	#FFFFFF	323
1635	#FFFFFF	67
1636	#FFFFFF	67
1637	#FFFFFF	67
1638	#FFFFFF	67
1639	#FFFFFF	67
1640	#FFFFFF	67
1641	#FFFFFF	67
1642	#FFFFFF	67
1643	#FFFFFF	67
1644	#FFFFFF	67
1645	#FFFFFF	67
1646	#FFFFFF	83
1647	#FFFFFF	67
1648	#FFFFFF	67
1649	#FFFFFF	67
1650	#FFFFFF	67
1651	#FFFFFF	67
1652	#FFFFFF	166
1653	#FFFFFF	67
1654	#FFFFFF	67
1655	#FFFFFF	67
1656	#FFFFFF	67
1657	#FFFFFF	14
1658	#FFFFFF	14
1659	#FFFFFF	14
1660	#FFFFFF	14
1661	#FFFFFF	14
1662	#FFFFFF	166
1663	#FFFFFF	166
1664	#FFFFFF	67
1665	#FFFFFF	67
1666	#FFFFFF	67
1668	#FFFFFF	166
1669	#FFFFFF	166
1670	#FFFFFF	67
1671	#FFFFFF	67
1672	#FFFFFF	67
1673	#FFFFFF	67
1674	#FFFFFF	67
1675	#FFFFFF	67
1676	#FFFFFF	323
1677	#FFFFFF	67
1678	#FFFFFF	67
1679	#FFFFFF	323
1680	#FFFFFF	166
1681	#FFFFFF	323
1682	#FFFFFF	323
1683	#FFFFFF	67
1684	#FFFFFF	323
1685	#FFFFFF	323
1686	#FFFFFF	67
1687	#FFFFFF	67
1688	#FFFFFF	67
1689	#FFFFFF	67
1690	#FFFFFF	67
1691	#FFFFFF	166
1692	#FFFFFF	67
1693	#FFFFFF	67
1694	#FFFFFF	67
1695	#FFFFFF	83
1696	#FFFFFF	83
1697	#FFFFFF	67
1698	#FFFFFF	67
1699	#FFFFFF	67
1700	#FFFFFF	67
1701	#FFFFFF	67
1702	#FFFFFF	166
1703	#FFFFFF	67
1704	#FFFFFF	67
1705	#FFFFFF	67
1706	#FFFFFF	67
1707	#FFFFFF	14
1708	#FFFFFF	14
1709	#FFFFFF	14
1710	#FFFFFF	14
1711	#FFFFFF	14
1713	#FFFFFF	166
1714	#FFFFFF	166
1715	#FFFFFF	166
1716	#FFFFFF	67
1717	#FFFFFF	67
1718	#FFFFFF	166
1719	#FFFFFF	166
1720	#FFFFFF	34
1721	#FFFFFF	67
1722	#FFFFFF	67
1723	#FFFFFF	67
1724	#FFFFFF	67
1725	#FFFFFF	67
1726	#FFFFFF	67
1727	#FFFFFF	67
1728	#FFFFFF	323
1729	#FFFFFF	323
1730	#FFFFFF	323
1731	#FFFFFF	166
1732	#FFFFFF	323
1733	#FFFFFF	67
1734	#FFFFFF	323
1735	#FFFFFF	323
1736	#FFFFFF	67
1737	#FFFFFF	67
1738	#FFFFFF	67
1739	#FFFFFF	67
1740	#FFFFFF	67
1741	#FFFFFF	67
1742	#FFFFFF	166
1743	#FFFFFF	67
1744	#FFFFFF	67
1745	#FFFFFF	67
1746	#FFFFFF	83
1747	#FFFFFF	67
1748	#FFFFFF	67
1749	#FFFFFF	67
1750	#FFFFFF	67
1751	#FFFFFF	67
1752	#FFFFFF	67
1753	#FFFFFF	166
1754	#FFFFFF	67
1755	#FFFFFF	67
1756	#FFFFFF	14
1757	#FFFFFF	67
1758	#FFFFFF	14
1759	#FFFFFF	14
1760	#FFFFFF	14
1761	#FFFFFF	14
1762	#FFFFFF	626
1763	#FFFFFF	166
1764	#FFFFFF	166
1765	#FFFFFF	166
1766	#FFFFFF	166
1767	#FFFFFF	67
1769	#FFFFFF	34
1770	#FFFFFF	34
1771	#FFFFFF	67
1772	#FFFFFF	67
1773	#FFFFFF	67
1774	#FFFFFF	67
1775	#FFFFFF	67
1776	#FFFFFF	67
1777	#FFFFFF	67
1778	#FFFFFF	323
1779	#FFFFFF	323
1780	#FFFFFF	323
1781	#FFFFFF	166
1782	#FFFFFF	323
1783	#FFFFFF	67
1784	#FFFFFF	67
1785	#FFFFFF	67
1786	#FFFFFF	323
1787	#FFFFFF	67
1788	#FFFFFF	67
1789	#FFFFFF	67
1790	#FFFFFF	67
1791	#FFFFFF	67
1792	#FFFFFF	166
1793	#FFFFFF	67
1794	#FFFFFF	67
1795	#FFFFFF	67
1796	#FFFFFF	83
1797	#FFFFFF	83
1798	#FFFFFF	83
1799	#FFFFFF	67
1800	#FFFFFF	67
1801	#FFFFFF	67
1802	#FFFFFF	67
1803	#FFFFFF	166
1804	#FFFFFF	646
1805	#FFFFFF	67
1806	#FFFFFF	67
1807	#FFFFFF	14
1808	#FFFFFF	14
1809	#FFFFFF	14
1810	#FFFFFF	14
1811	#FFFFFF	14
1812	#FFFFFF	14
1814	#FFFFFF	166
1815	#FFFFFF	166
1816	#FFFFFF	166
1817	#FFFFFF	166
1818	#FFFFFF	67
1819	#FFFFFF	34
1820	#FFFFFF	34
1821	#FFFFFF	34
1822	#FFFFFF	67
1823	#FFFFFF	67
1824	#FFFFFF	67
1825	#FFFFFF	67
1826	#FFFFFF	67
1827	#FFFFFF	67
1828	#FFFFFF	67
1829	#FFFFFF	323
1830	#FFFFFF	323
1831	#FFFFFF	323
1832	#FFFFFF	34
1833	#FFFFFF	323
1834	#FFFFFF	67
1835	#FFFFFF	67
1836	#FFFFFF	323
1837	#FFFFFF	67
1838	#FFFFFF	67
1839	#FFFFFF	67
1840	#FFFFFF	67
1841	#FFFFFF	67
1842	#FFFFFF	67
1843	#FFFFFF	166
1844	#FFFFFF	67
1845	#FFFFFF	83
1846	#FFFFFF	67
1847	#FFFFFF	83
1848	#FFFFFF	83
1849	#FFFFFF	67
1850	#FFFFFF	67
1851	#FFFFFF	67
1852	#FFFFFF	646
1853	#FFFFFF	646
1854	#FFFFFF	166
1855	#FFFFFF	67
1856	#FFFFFF	67
1857	#FFFFFF	67
1858	#FFFFFF	14
1859	#FFFFFF	14
1860	#FFFFFF	14
1861	#FFFFFF	14
1862	#FFFFFF	14
1863	#FFFFFF	14
1864	#FFFFFF	166
1865	#FFFFFF	166
1866	#FFFFFF	166
1867	#FFFFFF	67
1868	#FFFFFF	67
1870	#FFFFFF	34
1871	#FFFFFF	34
1872	#FFFFFF	67
1873	#FFFFFF	67
1874	#FFFFFF	67
1875	#FFFFFF	67
1876	#FFFFFF	67
1877	#FFFFFF	67
1878	#FFFFFF	67
1879	#FFFFFF	323
1880	#FFFFFF	323
1881	#FFFFFF	323
1882	#FFFFFF	34
1883	#FFFFFF	323
1884	#FFFFFF	323
1885	#FFFFFF	67
1886	#FFFFFF	67
1887	#FFFFFF	67
1888	#FFFFFF	67
1889	#FFFFFF	67
1890	#FFFFFF	67
1891	#FFFFFF	67
1892	#FFFFFF	67
1893	#FFFFFF	34
1894	#FFFFFF	67
1895	#FFFFFF	67
1896	#FFFFFF	83
1897	#FFFFFF	83
1898	#FFFFFF	83
1899	#FFFFFF	67
1900	#FFFFFF	67
1901	#FFFFFF	67
1902	#FFFFFF	646
1903	#FFFFFF	646
1904	#FFFFFF	166
1905	#FFFFFF	646
1906	#FFFFFF	67
1907	#FFFFFF	67
1908	#FFFFFF	67
1909	#FFFFFF	67
1910	#FFFFFF	14
1911	#FFFFFF	14
1912	#FFFFFF	14
1913	#FFFFFF	14
1915	#FFFFFF	166
1916	#FFFFFF	67
1917	#FFFFFF	166
1918	#FFFFFF	67
1919	#FFFFFF	67
1920	#FFFFFF	34
1921	#FFFFFF	34
1922	#FFFFFF	34
1923	#FFFFFF	67
1924	#FFFFFF	67
1925	#FFFFFF	67
1926	#FFFFFF	67
1927	#FFFFFF	67
1928	#FFFFFF	67
1929	#FFFFFF	67
1930	#FFFFFF	323
1931	#FFFFFF	323
1932	#FFFFFF	323
1933	#FFFFFF	34
1934	#FFFFFF	67
1935	#FFFFFF	323
1936	#FFFFFF	67
1937	#FFFFFF	67
1938	#FFFFFF	67
1939	#FFFFFF	67
1940	#FFFFFF	67
1941	#FFFFFF	67
1942	#FFFFFF	67
1943	#FFFFFF	67
1944	#FFFFFF	166
1945	#FFFFFF	83
1946	#FFFFFF	83
1947	#FFFFFF	83
1948	#FFFFFF	83
1949	#FFFFFF	646
1950	#FFFFFF	67
1951	#FFFFFF	646
1952	#FFFFFF	646
1953	#FFFFFF	646
1954	#FFFFFF	646
1955	#FFFFFF	166
1956	#FFFFFF	67
1957	#FFFFFF	67
1958	#FFFFFF	67
1959	#FFFFFF	67
1960	#FFFFFF	67
1961	#FFFFFF	14
1962	#FFFFFF	14
1963	#FFFFFF	14
1964	#FFFFFF	14
1965	#FFFFFF	166
1966	#FFFFFF	67
1967	#FFFFFF	67
1968	#FFFFFF	67
1969	#FFFFFF	67
1971	#FFFFFF	34
1972	#FFFFFF	34
1973	#FFFFFF	67
1974	#FFFFFF	67
1975	#FFFFFF	67
1976	#FFFFFF	67
1977	#FFFFFF	67
1978	#FFFFFF	67
1979	#FFFFFF	67
1980	#FFFFFF	323
1981	#FFFFFF	323
1982	#FFFFFF	323
1983	#FFFFFF	34
1984	#FFFFFF	67
1985	#FFFFFF	67
1986	#FFFFFF	67
1987	#FFFFFF	67
1988	#FFFFFF	67
1989	#FFFFFF	67
1990	#FFFFFF	67
1991	#FFFFFF	67
1992	#FFFFFF	67
1993	#FFFFFF	67
1994	#FFFFFF	34
1995	#FFFFFF	67
1996	#FFFFFF	83
1997	#FFFFFF	83
1998	#FFFFFF	83
1999	#FFFFFF	646
2000	#FFFFFF	646
2001	#FFFFFF	67
2002	#FFFFFF	646
2003	#FFFFFF	646
2004	#FFFFFF	646
2005	#FFFFFF	166
2006	#FFFFFF	646
2007	#FFFFFF	14
2008	#FFFFFF	14
2009	#FFFFFF	67
2010	#FFFFFF	67
2011	#FFFFFF	67
2012	#FFFFFF	14
2013	#FFFFFF	14
2014	#FFFFFF	868
2016	#FFFFFF	166
2017	#FFFFFF	166
2018	#FFFFFF	67
2019	#FFFFFF	166
2020	#FFFFFF	67
2021	#FFFFFF	34
2022	#FFFFFF	34
2023	#FFFFFF	34
2024	#FFFFFF	67
2025	#FFFFFF	67
2026	#FFFFFF	67
2027	#FFFFFF	67
2028	#FFFFFF	67
2029	#FFFFFF	67
2030	#FFFFFF	67
2031	#FFFFFF	323
2032	#FFFFFF	323
2033	#FFFFFF	323
2034	#FFFFFF	34
2035	#FFFFFF	323
2036	#FFFFFF	67
2037	#FFFFFF	67
2038	#FFFFFF	67
2039	#FFFFFF	67
2040	#FFFFFF	67
2041	#FFFFFF	67
2042	#FFFFFF	67
2043	#FFFFFF	67
2044	#FFFFFF	83
2045	#FFFFFF	34
2046	#FFFFFF	83
2047	#FFFFFF	83
2048	#FFFFFF	83
2049	#FFFFFF	646
2050	#FFFFFF	646
2051	#FFFFFF	67
2052	#FFFFFF	646
2053	#FFFFFF	646
2054	#FFFFFF	646
2055	#FFFFFF	646
2056	#FFFFFF	166
2057	#FFFFFF	83
2058	#FFFFFF	14
2059	#FFFFFF	14
2060	#FFFFFF	67
2061	#FFFFFF	67
2062	#FFFFFF	67
2063	#FFFFFF	14
2064	#FFFFFF	868
2065	#FFFFFF	14
2066	#FFFFFF	166
2067	#FFFFFF	67
2068	#FFFFFF	166
2069	#FFFFFF	67
2070	#FFFFFF	67
2072	#FFFFFF	34
2073	#FFFFFF	34
2074	#FFFFFF	67
2075	#FFFFFF	67
2076	#FFFFFF	67
2077	#FFFFFF	67
2078	#FFFFFF	67
2079	#FFFFFF	67
2080	#FFFFFF	67
2081	#FFFFFF	323
2082	#FFFFFF	323
2083	#FFFFFF	67
2084	#FFFFFF	34
2085	#FFFFFF	323
2086	#FFFFFF	323
2087	#FFFFFF	67
2088	#FFFFFF	67
2089	#FFFFFF	67
2090	#FFFFFF	67
2091	#FFFFFF	166
2092	#FFFFFF	67
2093	#FFFFFF	67
2094	#FFFFFF	67
2095	#FFFFFF	34
2096	#FFFFFF	83
2097	#FFFFFF	83
2098	#FFFFFF	83
2099	#FFFFFF	646
2100	#FFFFFF	646
2101	#FFFFFF	646
2102	#FFFFFF	646
2103	#FFFFFF	646
2104	#FFFFFF	646
2105	#FFFFFF	646
2106	#FFFFFF	166
2107	#FFFFFF	646
2108	#FFFFFF	83
2109	#FFFFFF	14
2110	#FFFFFF	14
2111	#FFFFFF	14
2112	#FFFFFF	67
2113	#FFFFFF	67
2114	#FFFFFF	14
2115	#FFFFFF	868
2117	#FFFFFF	166
2118	#FFFFFF	166
2119	#FFFFFF	166
2120	#FFFFFF	166
2121	#FFFFFF	67
2122	#FFFFFF	34
2123	#FFFFFF	34
2124	#FFFFFF	34
2125	#FFFFFF	67
2126	#FFFFFF	67
2127	#FFFFFF	67
2128	#FFFFFF	67
2129	#FFFFFF	67
2130	#FFFFFF	67
2131	#FFFFFF	67
2132	#FFFFFF	323
2133	#FFFFFF	323
2134	#FFFFFF	67
2135	#FFFFFF	34
2136	#FFFFFF	323
2137	#FFFFFF	67
2138	#FFFFFF	166
2139	#FFFFFF	67
2140	#FFFFFF	67
2141	#FFFFFF	166
2142	#FFFFFF	67
2143	#FFFFFF	67
2144	#FFFFFF	67
2145	#FFFFFF	67
2146	#FFFFFF	34
2147	#FFFFFF	83
2148	#FFFFFF	67
2149	#FFFFFF	83
2150	#FFFFFF	646
2151	#FFFFFF	646
2152	#FFFFFF	646
2153	#FFFFFF	646
2154	#FFFFFF	646
2155	#FFFFFF	646
2156	#FFFFFF	646
2157	#FFFFFF	166
2158	#FFFFFF	83
2159	#FFFFFF	83
2160	#FFFFFF	14
2161	#FFFFFF	14
2162	#FFFFFF	67
2163	#FFFFFF	14
2164	#FFFFFF	14
2165	#FFFFFF	868
2166	#FFFFFF	868
2167	#FFFFFF	166
2168	#FFFFFF	166
2169	#FFFFFF	166
2170	#FFFFFF	67
2171	#FFFFFF	67
2173	#FFFFFF	34
2174	#FFFFFF	34
2175	#FFFFFF	67
2176	#FFFFFF	67
2177	#FFFFFF	67
2178	#FFFFFF	67
2179	#FFFFFF	67
2180	#FFFFFF	67
2181	#FFFFFF	67
2182	#FFFFFF	67
2183	#FFFFFF	67
2184	#FFFFFF	67
2185	#FFFFFF	34
2186	#FFFFFF	67
2187	#FFFFFF	323
2188	#FFFFFF	67
2189	#FFFFFF	166
2190	#FFFFFF	67
2191	#FFFFFF	166
2192	#FFFFFF	166
2193	#FFFFFF	166
2194	#FFFFFF	67
2195	#FFFFFF	67
2196	#FFFFFF	34
2197	#FFFFFF	67
2198	#FFFFFF	67
2199	#FFFFFF	67
2200	#FFFFFF	83
2201	#FFFFFF	83
2202	#FFFFFF	646
2203	#FFFFFF	646
2204	#FFFFFF	646
2205	#FFFFFF	646
2206	#FFFFFF	646
2207	#FFFFFF	166
2208	#FFFFFF	646
2209	#FFFFFF	83
2210	#FFFFFF	14
2211	#FFFFFF	14
2212	#FFFFFF	14
2213	#FFFFFF	14
2214	#FFFFFF	14
2215	#FFFFFF	868
2216	#FFFFFF	14
2218	#FFFFFF	166
2219	#FFFFFF	166
2220	#FFFFFF	166
2221	#FFFFFF	67
2222	#FFFFFF	67
2223	#FFFFFF	34
2224	#FFFFFF	34
2225	#FFFFFF	34
2226	#FFFFFF	67
2227	#FFFFFF	67
2228	#FFFFFF	67
2229	#FFFFFF	67
2230	#FFFFFF	67
2231	#FFFFFF	67
2232	#FFFFFF	67
2233	#FFFFFF	67
2234	#FFFFFF	67
2235	#FFFFFF	67
2236	#FFFFFF	34
2237	#FFFFFF	67
2238	#FFFFFF	323
2239	#FFFFFF	67
2240	#FFFFFF	166
2241	#FFFFFF	67
2242	#FFFFFF	166
2243	#FFFFFF	166
2244	#FFFFFF	166
2245	#FFFFFF	67
2246	#FFFFFF	67
2247	#FFFFFF	34
2248	#FFFFFF	67
2249	#FFFFFF	67
2250	#FFFFFF	67
2251	#FFFFFF	83
2252	#FFFFFF	83
2253	#FFFFFF	646
2254	#FFFFFF	646
2255	#FFFFFF	646
2256	#FFFFFF	646
2257	#FFFFFF	646
2258	#FFFFFF	166
2259	#FFFFFF	83
2260	#FFFFFF	83
2261	#FFFFFF	83
2262	#FFFFFF	14
2263	#FFFFFF	14
2264	#FFFFFF	14
2265	#FFFFFF	14
2266	#FFFFFF	14
2267	#FFFFFF	14
2268	#FFFFFF	166
2269	#FFFFFF	166
2270	#FFFFFF	166
2271	#FFFFFF	67
2272	#FFFFFF	67
2274	#FFFFFF	67
2275	#FFFFFF	67
2276	#FFFFFF	820
2277	#FFFFFF	146
2278	#FFFFFF	146
2279	#FFFFFF	146
2280	#FFFFFF	146
2281	#FFFFFF	146
2282	#FFFFFF	1707
2283	#FFFFFF	84
2284	#FFFFFF	84
2285	#FFFFFF	84
2286	#FFFFFF	67
2287	#FFFFFF	84
2288	#FFFFFF	84
2289	#FFFFFF	84
2290	#FFFFFF	84
2291	#FFFFFF	84
2292	#FFFFFF	84
2293	#FFFFFF	67
2294	#FFFFFF	67
2295	#FFFFFF	67
2296	#FFFFFF	67
2297	#FFFFFF	67
2298	#FFFFFF	376
2299	#FFFFFF	376
2300	#FFFFFF	4
2301	#FFFFFF	67
2302	#FFFFFF	67
2304	#FFFFFF	67
2305	#FFFFFF	67
2306	#FFFFFF	67
2307	#FFFFFF	67
2308	#FFFFFF	67
2309	#FFFFFF	67
2310	#FFFFFF	14
2311	#FFFFFF	14
2312	#FFFFFF	14
2313	#FFFFFF	14
2314	#FFFFFF	14
2315	#FFFFFF	14
2316	#FFFFFF	14
2317	#FFFFFF	14
2319	#FFFFFF	67
2320	#FFFFFF	67
2321	#FFFFFF	67
2322	#FFFFFF	67
2323	#FFFFFF	67
2324	#FFFFFF	146
2325	#FFFFFF	146
2326	#FFFFFF	67
2327	#FFFFFF	820
2328	#FFFFFF	146
2329	#FFFFFF	146
2330	#FFFFFF	146
2331	#FFFFFF	146
2332	#FFFFFF	146
2333	#FFFFFF	1707
2334	#FFFFFF	84
2335	#FFFFFF	84
2336	#FFFFFF	84
2337	#FFFFFF	67
2338	#FFFFFF	84
2339	#FFFFFF	84
2340	#FFFFFF	84
2341	#FFFFFF	84
2342	#FFFFFF	84
2343	#FFFFFF	67
2344	#FFFFFF	67
2345	#FFFFFF	67
2346	#FFFFFF	67
2347	#FFFFFF	67
2348	#FFFFFF	67
2349	#FFFFFF	376
2350	#FFFFFF	4
2351	#FFFFFF	67
2352	#FFFFFF	67
2353	#FFFFFF	67
2355	#FFFFFF	67
2356	#FFFFFF	67
2357	#FFFFFF	67
2358	#FFFFFF	67
2359	#FFFFFF	67
2360	#FFFFFF	14
2361	#FFFFFF	14
2362	#FFFFFF	14
2363	#FFFFFF	14
2364	#FFFFFF	14
2365	#FFFFFF	14
2366	#FFFFFF	14
2367	#FFFFFF	14
2368	#FFFFFF	14
2369	#FFFFFF	67
2370	#FFFFFF	67
2371	#FFFFFF	67
2372	#FFFFFF	67
2373	#FFFFFF	67
2375	#FFFFFF	34
2376	#FFFFFF	34
2377	#FFFFFF	67
2378	#FFFFFF	67
2379	#FFFFFF	67
2380	#FFFFFF	67
2381	#FFFFFF	67
2382	#FFFFFF	67
2383	#FFFFFF	67
2384	#FFFFFF	67
2385	#FFFFFF	67
2386	#FFFFFF	67
2387	#FFFFFF	34
2388	#FFFFFF	67
2389	#FFFFFF	67
2390	#FFFFFF	67
2391	#FFFFFF	67
2392	#FFFFFF	166
2393	#FFFFFF	166
2394	#FFFFFF	166
2395	#FFFFFF	67
2396	#FFFFFF	67
2397	#FFFFFF	67
2398	#FFFFFF	34
2399	#FFFFFF	67
2400	#FFFFFF	67
2401	#FFFFFF	67
2402	#FFFFFF	67
2403	#FFFFFF	83
2404	#FFFFFF	646
2405	#FFFFFF	646
2406	#FFFFFF	646
2407	#FFFFFF	646
2408	#FFFFFF	646
2409	#FFFFFF	166
2410	#FFFFFF	646
2411	#FFFFFF	83
2412	#FFFFFF	83
2413	#FFFFFF	83
2414	#FFFFFF	14
2415	#FFFFFF	357
2416	#FFFFFF	14
2417	#FFFFFF	14
2418	#FFFFFF	14
2420	#FFFFFF	166
2421	#FFFFFF	166
2422	#FFFFFF	166
2423	#FFFFFF	166
2424	#FFFFFF	67
2425	#FFFFFF	34
2426	#FFFFFF	34
2427	#FFFFFF	34
2428	#FFFFFF	67
2429	#FFFFFF	67
2430	#FFFFFF	67
2431	#FFFFFF	67
2432	#FFFFFF	67
2433	#FFFFFF	67
2434	#FFFFFF	67
2435	#FFFFFF	67
2436	#FFFFFF	67
2437	#FFFFFF	67
2438	#FFFFFF	34
2439	#FFFFFF	67
2440	#FFFFFF	67
2441	#FFFFFF	67
2442	#FFFFFF	67
2443	#FFFFFF	166
2444	#FFFFFF	166
2445	#FFFFFF	67
2446	#FFFFFF	67
2447	#FFFFFF	67
2448	#FFFFFF	67
2449	#FFFFFF	166
2450	#FFFFFF	166
2451	#FFFFFF	67
2452	#FFFFFF	67
2453	#FFFFFF	83
2454	#FFFFFF	83
2455	#FFFFFF	646
2456	#FFFFFF	646
2457	#FFFFFF	646
2458	#FFFFFF	646
2459	#FFFFFF	83
2460	#FFFFFF	166
2461	#FFFFFF	83
2462	#FFFFFF	83
2463	#FFFFFF	83
2464	#FFFFFF	83
2465	#FFFFFF	14
2467	#FFFFFF	14
2468	#FFFFFF	14
2469	#FFFFFF	14
2470	#FFFFFF	166
2471	#FFFFFF	166
2472	#FFFFFF	166
2473	#FFFFFF	166
2474	#FFFFFF	67
2476	#FFFFFF	34
2477	#FFFFFF	34
2478	#FFFFFF	67
2479	#FFFFFF	67
2480	#FFFFFF	67
2481	#FFFFFF	67
2482	#FFFFFF	166
2483	#FFFFFF	67
2484	#FFFFFF	67
2485	#FFFFFF	67
2486	#FFFFFF	67
2487	#FFFFFF	67
2488	#FFFFFF	34
2489	#FFFFFF	67
2490	#FFFFFF	67
2491	#FFFFFF	67
2492	#FFFFFF	166
2493	#FFFFFF	166
2494	#FFFFFF	166
2495	#FFFFFF	67
2496	#FFFFFF	166
2497	#FFFFFF	166
2498	#FFFFFF	67
2499	#FFFFFF	34
2500	#FFFFFF	166
2501	#FFFFFF	166
2502	#FFFFFF	67
2503	#FFFFFF	166
2504	#FFFFFF	83
2505	#FFFFFF	83
2506	#FFFFFF	83
2507	#FFFFFF	646
2508	#FFFFFF	646
2509	#FFFFFF	646
2510	#FFFFFF	34
2511	#FFFFFF	83
2512	#FFFFFF	83
2513	#FFFFFF	83
2514	#FFFFFF	83
2515	#FFFFFF	14
2516	#FFFFFF	14
2517	#FFFFFF	357
2518	#FFFFFF	14
2519	#FFFFFF	357
2521	#FFFFFF	166
2522	#FFFFFF	166
2523	#FFFFFF	166
2524	#FFFFFF	67
2525	#FFFFFF	67
2526	#FFFFFF	34
2527	#FFFFFF	34
2528	#FFFFFF	34
2529	#FFFFFF	67
2530	#FFFFFF	67
2531	#FFFFFF	67
2532	#FFFFFF	67
2533	#FFFFFF	166
2534	#FFFFFF	67
2535	#FFFFFF	67
2536	#FFFFFF	67
2537	#FFFFFF	67
2538	#FFFFFF	67
2539	#FFFFFF	34
2540	#FFFFFF	67
2541	#FFFFFF	67
2542	#FFFFFF	166
2543	#FFFFFF	166
2544	#FFFFFF	166
2545	#FFFFFF	166
2546	#FFFFFF	166
2547	#FFFFFF	166
2548	#FFFFFF	166
2549	#FFFFFF	166
2550	#FFFFFF	34
2551	#FFFFFF	166
2552	#FFFFFF	67
2553	#FFFFFF	166
2554	#FFFFFF	83
2555	#FFFFFF	83
2556	#FFFFFF	83
2557	#FFFFFF	646
2558	#FFFFFF	646
2559	#FFFFFF	646
2560	#FFFFFF	646
2561	#FFFFFF	166
2562	#FFFFFF	83
2563	#FFFFFF	83
2564	#FFFFFF	83
2565	#FFFFFF	83
2566	#FFFFFF	14
2567	#FFFFFF	357
2568	#FFFFFF	14
2569	#FFFFFF	357
2570	#FFFFFF	14
2571	#FFFFFF	166
2572	#FFFFFF	166
2573	#FFFFFF	166
2574	#FFFFFF	67
2575	#FFFFFF	67
2577	#FFFFFF	34
2578	#FFFFFF	34
2579	#FFFFFF	67
2580	#FFFFFF	67
2581	#FFFFFF	67
2582	#FFFFFF	67
2583	#FFFFFF	166
2584	#FFFFFF	166
2585	#FFFFFF	67
2586	#FFFFFF	67
2587	#FFFFFF	67
2588	#FFFFFF	67
2589	#FFFFFF	34
2590	#FFFFFF	67
2591	#FFFFFF	67
2592	#FFFFFF	67
2593	#FFFFFF	166
2594	#FFFFFF	166
2595	#FFFFFF	166
2596	#FFFFFF	166
2597	#FFFFFF	166
2598	#FFFFFF	166
2599	#FFFFFF	166
2600	#FFFFFF	34
2601	#FFFFFF	166
2602	#FFFFFF	166
2603	#FFFFFF	166
2604	#FFFFFF	83
2605	#FFFFFF	83
2606	#FFFFFF	646
2607	#FFFFFF	83
2608	#FFFFFF	646
2609	#FFFFFF	646
2610	#FFFFFF	83
2611	#FFFFFF	166
2612	#FFFFFF	83
2613	#FFFFFF	83
2614	#FFFFFF	83
2615	#FFFFFF	83
2616	#FFFFFF	14
2617	#FFFFFF	357
2618	#FFFFFF	357
2619	#FFFFFF	357
2620	#FFFFFF	357
2622	#FFFFFF	166
2623	#FFFFFF	166
2624	#FFFFFF	166
2625	#FFFFFF	166
2626	#FFFFFF	166
2627	#FFFFFF	34
2628	#FFFFFF	34
2629	#FFFFFF	34
2630	#FFFFFF	67
2631	#FFFFFF	67
2632	#FFFFFF	67
2633	#FFFFFF	67
2634	#FFFFFF	166
2635	#FFFFFF	67
2636	#FFFFFF	67
2637	#FFFFFF	67
2638	#FFFFFF	67
2639	#FFFFFF	67
2640	#FFFFFF	34
2641	#FFFFFF	67
2642	#FFFFFF	67
2643	#FFFFFF	67
2644	#FFFFFF	166
2645	#FFFFFF	166
2646	#FFFFFF	166
2647	#FFFFFF	166
2648	#FFFFFF	166
2649	#FFFFFF	166
2650	#FFFFFF	166
2651	#FFFFFF	34
2652	#FFFFFF	166
2653	#FFFFFF	166
2654	#FFFFFF	83
2655	#FFFFFF	83
2656	#FFFFFF	83
2657	#FFFFFF	646
2658	#FFFFFF	646
2659	#FFFFFF	83
2660	#FFFFFF	646
2661	#FFFFFF	83
2662	#FFFFFF	166
2663	#FFFFFF	83
2664	#FFFFFF	83
2665	#FFFFFF	83
2666	#FFFFFF	357
2667	#FFFFFF	14
2668	#FFFFFF	357
2669	#FFFFFF	357
2670	#FFFFFF	357
2671	#FFFFFF	357
2672	#FFFFFF	166
2674	#FFFFFF	166
2675	#FFFFFF	166
2676	#FFFFFF	67
2678	#FFFFFF	34
2679	#FFFFFF	34
2680	#FFFFFF	67
2681	#FFFFFF	67
2682	#FFFFFF	67
2683	#FFFFFF	67
2684	#FFFFFF	166
2685	#FFFFFF	67
2686	#FFFFFF	67
2687	#FFFFFF	67
2688	#FFFFFF	67
2689	#FFFFFF	67
2690	#FFFFFF	34
2691	#FFFFFF	67
2692	#FFFFFF	67
2693	#FFFFFF	67
2694	#FFFFFF	67
2695	#FFFFFF	166
2696	#FFFFFF	166
2697	#FFFFFF	166
2698	#FFFFFF	166
2699	#FFFFFF	166
2700	#FFFFFF	166
2701	#FFFFFF	34
2702	#FFFFFF	166
2703	#FFFFFF	166
2704	#FFFFFF	166
2705	#FFFFFF	83
2706	#FFFFFF	83
2707	#FFFFFF	646
2708	#FFFFFF	646
2709	#FFFFFF	646
2710	#FFFFFF	83
2711	#FFFFFF	646
2712	#FFFFFF	166
2713	#FFFFFF	83
2714	#FFFFFF	83
2715	#FFFFFF	83
2716	#FFFFFF	83
2717	#FFFFFF	357
2718	#FFFFFF	357
2719	#FFFFFF	357
2720	#FFFFFF	14
2721	#FFFFFF	357
2723	#FFFFFF	166
2724	#FFFFFF	166
2725	#FFFFFF	166
2726	#FFFFFF	67
2727	#FFFFFF	67
2728	#FFFFFF	34
2729	#FFFFFF	34
2730	#FFFFFF	34
2731	#FFFFFF	67
2732	#FFFFFF	67
2733	#FFFFFF	166
2734	#FFFFFF	166
2735	#FFFFFF	67
2736	#FFFFFF	67
2737	#FFFFFF	67
2738	#FFFFFF	67
2739	#FFFFFF	67
2740	#FFFFFF	67
2741	#FFFFFF	34
2742	#FFFFFF	67
2743	#FFFFFF	67
2744	#FFFFFF	67
2745	#FFFFFF	166
2746	#FFFFFF	166
2747	#FFFFFF	166
2748	#FFFFFF	166
2749	#FFFFFF	166
2750	#FFFFFF	166
2751	#FFFFFF	166
2752	#FFFFFF	166
2753	#FFFFFF	166
2754	#FFFFFF	166
2755	#FFFFFF	166
2756	#FFFFFF	83
2757	#FFFFFF	83
2758	#FFFFFF	83
2759	#FFFFFF	646
2760	#FFFFFF	646
2761	#FFFFFF	83
2762	#FFFFFF	83
2763	#FFFFFF	166
2764	#FFFFFF	83
2765	#FFFFFF	83
2766	#FFFFFF	83
2767	#FFFFFF	83
2768	#FFFFFF	357
2769	#FFFFFF	357
2771	#FFFFFF	14
2772	#FFFFFF	357
2773	#FFFFFF	166
2774	#FFFFFF	166
2775	#FFFFFF	67
2776	#FFFFFF	67
2777	#FFFFFF	67
2779	#FFFFFF	34
2780	#FFFFFF	34
2781	#FFFFFF	67
2782	#FFFFFF	67
2783	#FFFFFF	67
2784	#FFFFFF	166
2785	#FFFFFF	67
2786	#FFFFFF	67
2787	#FFFFFF	67
2788	#FFFFFF	67
2789	#FFFFFF	67
2790	#FFFFFF	67
2791	#FFFFFF	34
2792	#FFFFFF	67
2793	#FFFFFF	67
2794	#FFFFFF	67
2795	#FFFFFF	166
2796	#FFFFFF	166
2797	#FFFFFF	524
2798	#FFFFFF	166
2799	#FFFFFF	166
2800	#FFFFFF	166
2801	#FFFFFF	166
2802	#FFFFFF	34
2803	#FFFFFF	166
2804	#FFFFFF	166
2805	#FFFFFF	166
2806	#FFFFFF	166
2807	#FFFFFF	166
2808	#FFFFFF	83
2809	#FFFFFF	83
2810	#FFFFFF	646
2811	#FFFFFF	83
2812	#FFFFFF	1239
2813	#FFFFFF	166
2814	#FFFFFF	83
2815	#FFFFFF	83
2816	#FFFFFF	83
2817	#FFFFFF	83
2818	#FFFFFF	357
2819	#FFFFFF	357
2820	#FFFFFF	357
2821	#FFFFFF	357
2822	#FFFFFF	14
2824	#FFFFFF	1697
2825	#FFFFFF	166
2826	#FFFFFF	166
2827	#FFFFFF	166
2828	#FFFFFF	67
2829	#FFFFFF	34
2830	#FFFFFF	34
2831	#FFFFFF	34
2832	#FFFFFF	67
2833	#FFFFFF	166
2834	#FFFFFF	67
2835	#FFFFFF	166
2836	#FFFFFF	67
2837	#FFFFFF	166
2838	#FFFFFF	67
2839	#FFFFFF	67
2840	#FFFFFF	67
2841	#FFFFFF	67
2842	#FFFFFF	34
2843	#FFFFFF	67
2844	#FFFFFF	166
2845	#FFFFFF	166
2846	#FFFFFF	166
2847	#FFFFFF	166
2848	#FFFFFF	524
2849	#FFFFFF	524
2850	#FFFFFF	166
2851	#FFFFFF	166
2852	#FFFFFF	166
2853	#FFFFFF	166
2854	#FFFFFF	166
2855	#FFFFFF	166
2856	#FFFFFF	166
2857	#FFFFFF	166
2858	#FFFFFF	83
2859	#FFFFFF	83
2860	#FFFFFF	83
2861	#FFFFFF	83
2862	#FFFFFF	1239
2863	#FFFFFF	83
2864	#FFFFFF	1697
2865	#FFFFFF	83
2866	#FFFFFF	83
2867	#FFFFFF	83
2868	#FFFFFF	357
2869	#FFFFFF	83
2870	#FFFFFF	357
2871	#FFFFFF	14
2872	#FFFFFF	14
2873	#FFFFFF	14
2874	#FFFFFF	1697
2875	#FFFFFF	1697
2876	#FFFFFF	166
2877	#FFFFFF	166
2878	#FFFFFF	67
2880	#FFFFFF	34
2881	#FFFFFF	34
2882	#FFFFFF	67
2883	#FFFFFF	67
2884	#FFFFFF	166
2885	#FFFFFF	67
2886	#FFFFFF	166
2887	#FFFFFF	67
2888	#FFFFFF	166
2889	#FFFFFF	67
2890	#FFFFFF	67
2891	#FFFFFF	67
2892	#FFFFFF	34
2893	#FFFFFF	67
2894	#FFFFFF	67
2895	#FFFFFF	166
2896	#FFFFFF	166
2897	#FFFFFF	166
2898	#FFFFFF	524
2899	#FFFFFF	524
2900	#FFFFFF	166
2901	#FFFFFF	166
2902	#FFFFFF	166
2903	#FFFFFF	34
2904	#FFFFFF	166
2905	#FFFFFF	166
2906	#FFFFFF	166
2907	#FFFFFF	83
2908	#FFFFFF	166
2909	#FFFFFF	83
2910	#FFFFFF	1239
2911	#FFFFFF	83
2912	#FFFFFF	1239
2913	#FFFFFF	1239
2914	#FFFFFF	166
2915	#FFFFFF	83
2916	#FFFFFF	83
2917	#FFFFFF	83
2918	#FFFFFF	83
2919	#FFFFFF	83
2920	#FFFFFF	83
2921	#FFFFFF	14
2922	#FFFFFF	14
2923	#FFFFFF	14
2925	#FFFFFF	166
2926	#FFFFFF	1697
2927	#FFFFFF	1697
2928	#FFFFFF	166
2929	#FFFFFF	67
2930	#FFFFFF	34
2931	#FFFFFF	34
2932	#FFFFFF	34
2933	#FFFFFF	67
2934	#FFFFFF	67
2935	#FFFFFF	166
2936	#FFFFFF	67
2937	#FFFFFF	166
2938	#FFFFFF	166
2939	#FFFFFF	67
2940	#FFFFFF	166
2941	#FFFFFF	67
2942	#FFFFFF	67
2943	#FFFFFF	34
2944	#FFFFFF	67
2945	#FFFFFF	166
2946	#FFFFFF	524
2947	#FFFFFF	166
2948	#FFFFFF	166
2949	#FFFFFF	524
2950	#FFFFFF	166
2951	#FFFFFF	166
2952	#FFFFFF	166
2953	#FFFFFF	166
2954	#FFFFFF	166
2955	#FFFFFF	166
2956	#FFFFFF	166
2957	#FFFFFF	83
2958	#FFFFFF	166
2959	#FFFFFF	83
2960	#FFFFFF	1239
2961	#FFFFFF	1239
2962	#FFFFFF	1239
2963	#FFFFFF	1239
2964	#FFFFFF	83
2965	#FFFFFF	166
2966	#FFFFFF	83
2967	#FFFFFF	83
2968	#FFFFFF	83
2969	#FFFFFF	83
2970	#FFFFFF	83
2971	#FFFFFF	83
2972	#FFFFFF	14
2973	#FFFFFF	14
2974	#FFFFFF	14
2975	#FFFFFF	166
2976	#FFFFFF	166
2977	#FFFFFF	166
2978	#FFFFFF	166
2979	#FFFFFF	67
2981	#FFFFFF	34
2982	#FFFFFF	34
2983	#FFFFFF	67
2984	#FFFFFF	166
2985	#FFFFFF	166
2986	#FFFFFF	166
2987	#FFFFFF	67
2988	#FFFFFF	166
2989	#FFFFFF	67
2990	#FFFFFF	166
2991	#FFFFFF	67
2992	#FFFFFF	67
2993	#FFFFFF	34
2994	#FFFFFF	67
2995	#FFFFFF	166
2996	#FFFFFF	524
2997	#FFFFFF	524
2998	#FFFFFF	524
2999	#FFFFFF	524
3000	#FFFFFF	524
3001	#FFFFFF	166
3002	#FFFFFF	166
3003	#FFFFFF	166
3004	#FFFFFF	34
3005	#FFFFFF	166
3006	#FFFFFF	166
3007	#FFFFFF	166
3008	#FFFFFF	83
3009	#FFFFFF	166
3010	#FFFFFF	83
3011	#FFFFFF	1239
3012	#FFFFFF	1239
3013	#FFFFFF	1239
3014	#FFFFFF	1239
3015	#FFFFFF	34
3016	#FFFFFF	83
3017	#FFFFFF	83
3018	#FFFFFF	83
3019	#FFFFFF	83
3020	#FFFFFF	83
3021	#FFFFFF	83
3022	#FFFFFF	14
3023	#FFFFFF	179
3024	#FFFFFF	14
3026	#FFFFFF	166
3027	#FFFFFF	166
3028	#FFFFFF	166
3029	#FFFFFF	166
3030	#FFFFFF	166
3031	#FFFFFF	34
3032	#FFFFFF	34
3033	#FFFFFF	34
3034	#FFFFFF	166
3035	#FFFFFF	166
3036	#FFFFFF	166
3037	#FFFFFF	166
3038	#FFFFFF	166
3039	#FFFFFF	67
3040	#FFFFFF	166
3041	#FFFFFF	67
3042	#FFFFFF	67
3043	#FFFFFF	67
3044	#FFFFFF	34
3045	#FFFFFF	67
3046	#FFFFFF	166
3047	#FFFFFF	166
3048	#FFFFFF	524
3049	#FFFFFF	524
3050	#FFFFFF	524
3051	#FFFFFF	166
3052	#FFFFFF	166
3053	#FFFFFF	166
3054	#FFFFFF	166
3055	#FFFFFF	34
3056	#FFFFFF	166
3057	#FFFFFF	166
3058	#FFFFFF	83
3059	#FFFFFF	83
3060	#FFFFFF	83
3061	#FFFFFF	1239
3062	#FFFFFF	1239
3063	#FFFFFF	1239
3064	#FFFFFF	1239
3065	#FFFFFF	83
3066	#FFFFFF	166
3067	#FFFFFF	83
3068	#FFFFFF	83
3069	#FFFFFF	83
3070	#FFFFFF	83
3071	#FFFFFF	83
3072	#FFFFFF	14
3073	#FFFFFF	179
3074	#FFFFFF	179
3075	#FFFFFF	14
3076	#FFFFFF	166
3077	#FFFFFF	166
3078	#FFFFFF	166
3079	#FFFFFF	166
3080	#FFFFFF	67
3082	#FFFFFF	34
3083	#FFFFFF	34
3084	#FFFFFF	166
3085	#FFFFFF	166
3086	#FFFFFF	166
3087	#FFFFFF	166
3088	#FFFFFF	166
3089	#FFFFFF	166
3090	#FFFFFF	166
3091	#FFFFFF	67
3092	#FFFFFF	67
3093	#FFFFFF	67
3094	#FFFFFF	34
3095	#FFFFFF	67
3096	#FFFFFF	67
3097	#FFFFFF	166
3098	#FFFFFF	524
3099	#FFFFFF	524
3100	#FFFFFF	524
3101	#FFFFFF	524
3102	#FFFFFF	166
3103	#FFFFFF	166
3104	#FFFFFF	166
3105	#FFFFFF	34
3106	#FFFFFF	83
3107	#FFFFFF	83
3108	#FFFFFF	83
3109	#FFFFFF	83
3110	#FFFFFF	83
3111	#FFFFFF	83
3112	#FFFFFF	1239
3113	#FFFFFF	1239
3114	#FFFFFF	1239
3115	#FFFFFF	83
3116	#FFFFFF	166
3117	#FFFFFF	83
3118	#FFFFFF	83
3119	#FFFFFF	83
3120	#FFFFFF	83
3121	#FFFFFF	83
3122	#FFFFFF	83
3123	#FFFFFF	14
3124	#FFFFFF	83
3125	#FFFFFF	179
3127	#FFFFFF	166
3128	#FFFFFF	166
3129	#FFFFFF	166
3130	#FFFFFF	166
3131	#FFFFFF	67
3132	#FFFFFF	34
3133	#FFFFFF	34
3134	#FFFFFF	34
3135	#FFFFFF	166
3136	#FFFFFF	166
3137	#FFFFFF	166
3138	#FFFFFF	166
3139	#FFFFFF	166
3140	#FFFFFF	166
3141	#FFFFFF	166
3142	#FFFFFF	166
3143	#FFFFFF	67
3144	#FFFFFF	67
3145	#FFFFFF	34
3146	#FFFFFF	67
3147	#FFFFFF	166
3148	#FFFFFF	524
3149	#FFFFFF	524
3150	#FFFFFF	524
3151	#FFFFFF	524
3152	#FFFFFF	166
3153	#FFFFFF	166
3154	#FFFFFF	166
3155	#FFFFFF	166
3156	#FFFFFF	34
3157	#FFFFFF	83
3158	#FFFFFF	83
3159	#FFFFFF	1239
3160	#FFFFFF	83
3161	#FFFFFF	1239
3162	#FFFFFF	1239
3163	#FFFFFF	1239
3164	#FFFFFF	1239
3165	#FFFFFF	1239
3166	#FFFFFF	83
3167	#FFFFFF	166
3168	#FFFFFF	83
3170	#FFFFFF	83
3171	#FFFFFF	83
3172	#FFFFFF	83
3173	#FFFFFF	14
3174	#FFFFFF	83
3175	#FFFFFF	179
3176	#FFFFFF	179
3177	#FFFFFF	166
3178	#FFFFFF	166
3179	#FFFFFF	166
3180	#FFFFFF	166
3181	#FFFFFF	166
3183	#FFFFFF	34
3184	#FFFFFF	34
3185	#FFFFFF	166
3186	#FFFFFF	166
3187	#FFFFFF	166
3188	#FFFFFF	166
3189	#FFFFFF	166
3190	#FFFFFF	166
3191	#FFFFFF	166
3192	#FFFFFF	166
3193	#FFFFFF	67
3194	#FFFFFF	166
3195	#FFFFFF	34
3196	#FFFFFF	67
3197	#FFFFFF	166
3198	#FFFFFF	524
3199	#FFFFFF	524
3200	#FFFFFF	524
3201	#FFFFFF	524
3202	#FFFFFF	166
3203	#FFFFFF	166
3204	#FFFFFF	166
3205	#FFFFFF	83
3206	#FFFFFF	34
3207	#FFFFFF	166
3208	#FFFFFF	83
3209	#FFFFFF	83
3210	#FFFFFF	1239
3211	#FFFFFF	83
3212	#FFFFFF	1239
3213	#FFFFFF	1239
3214	#FFFFFF	1239
3215	#FFFFFF	1239
3216	#FFFFFF	83
3217	#FFFFFF	34
3218	#FFFFFF	83
3219	#FFFFFF	83
3220	#FFFFFF	1239
3221	#FFFFFF	83
3222	#FFFFFF	83
3223	#FFFFFF	83
3224	#FFFFFF	83
3225	#FFFFFF	83
3226	#FFFFFF	179
3228	#FFFFFF	166
3229	#FFFFFF	166
3230	#FFFFFF	166
3231	#FFFFFF	166
3232	#FFFFFF	166
3233	#FFFFFF	34
3234	#FFFFFF	34
3235	#FFFFFF	34
3236	#FFFFFF	166
3237	#FFFFFF	166
3238	#FFFFFF	166
3239	#FFFFFF	166
3240	#FFFFFF	166
3241	#FFFFFF	166
3242	#FFFFFF	166
3243	#FFFFFF	166
3244	#FFFFFF	166
3245	#FFFFFF	67
3246	#FFFFFF	34
3247	#FFFFFF	166
3248	#FFFFFF	166
3249	#FFFFFF	524
3250	#FFFFFF	524
3251	#FFFFFF	524
3252	#FFFFFF	524
3253	#FFFFFF	166
3254	#FFFFFF	166
3255	#FFFFFF	83
3256	#FFFFFF	166
3257	#FFFFFF	166
3258	#FFFFFF	83
3259	#FFFFFF	83
3260	#FFFFFF	1239
3261	#FFFFFF	1239
3262	#FFFFFF	1239
3263	#FFFFFF	1239
3264	#FFFFFF	1239
3265	#FFFFFF	1239
3266	#FFFFFF	1239
3267	#FFFFFF	1239
3268	#FFFFFF	166
3269	#FFFFFF	1239
3270	#FFFFFF	83
3271	#FFFFFF	1239
3272	#FFFFFF	83
3273	#FFFFFF	1239
3274	#FFFFFF	83
3275	#FFFFFF	83
3276	#FFFFFF	83
3277	#FFFFFF	179
3278	#FFFFFF	166
3279	#FFFFFF	166
3280	#FFFFFF	166
3281	#FFFFFF	166
3282	#FFFFFF	166
3284	#FFFFFF	34
3285	#FFFFFF	34
3286	#FFFFFF	166
3287	#FFFFFF	166
3288	#FFFFFF	166
3289	#FFFFFF	166
3290	#FFFFFF	166
3291	#FFFFFF	166
3292	#FFFFFF	166
3293	#FFFFFF	166
3294	#FFFFFF	166
3295	#FFFFFF	67
3296	#FFFFFF	34
3297	#FFFFFF	166
3298	#FFFFFF	166
3299	#FFFFFF	524
3300	#FFFFFF	166
3301	#FFFFFF	524
3302	#FFFFFF	166
3303	#FFFFFF	166
3304	#FFFFFF	166
3305	#FFFFFF	166
3306	#FFFFFF	83
3307	#FFFFFF	34
3308	#FFFFFF	166
3309	#FFFFFF	83
3310	#FFFFFF	1239
3311	#FFFFFF	1239
3312	#FFFFFF	1239
3313	#FFFFFF	1239
3314	#FFFFFF	1239
3315	#FFFFFF	1239
3316	#FFFFFF	1239
3317	#FFFFFF	1239
3318	#FFFFFF	166
3319	#FFFFFF	1239
3320	#FFFFFF	1239
3321	#FFFFFF	83
3322	#FFFFFF	1239
3323	#FFFFFF	1239
3324	#FFFFFF	83
3325	#FFFFFF	83
3326	#FFFFFF	83
3327	#FFFFFF	179
3329	#FFFFFF	166
3330	#FFFFFF	166
3331	#FFFFFF	166
3332	#FFFFFF	166
3333	#FFFFFF	166
3334	#FFFFFF	34
3335	#FFFFFF	34
3336	#FFFFFF	34
3337	#FFFFFF	166
3338	#FFFFFF	166
3339	#FFFFFF	166
3340	#FFFFFF	34
3341	#FFFFFF	34
3342	#FFFFFF	34
3343	#FFFFFF	34
3344	#FFFFFF	34
3345	#FFFFFF	166
3346	#FFFFFF	166
3347	#FFFFFF	34
3348	#FFFFFF	166
3349	#FFFFFF	166
3350	#FFFFFF	524
3351	#FFFFFF	166
3352	#FFFFFF	166
3353	#FFFFFF	166
3354	#FFFFFF	166
3355	#FFFFFF	166
3356	#FFFFFF	83
3357	#FFFFFF	83
3358	#FFFFFF	166
3359	#FFFFFF	83
3360	#FFFFFF	83
3361	#FFFFFF	1239
3362	#FFFFFF	1239
3363	#FFFFFF	83
3364	#FFFFFF	1239
3365	#FFFFFF	1239
3366	#FFFFFF	1239
3367	#FFFFFF	1239
3368	#FFFFFF	1239
3369	#FFFFFF	166
3370	#FFFFFF	1239
3371	#FFFFFF	1239
3372	#FFFFFF	1239
3373	#FFFFFF	1239
3374	#FFFFFF	83
3375	#FFFFFF	83
3376	#FFFFFF	83
3377	#FFFFFF	83
3378	#FFFFFF	83
3379	#FFFFFF	166
3380	#FFFFFF	166
3381	#FFFFFF	166
3382	#FFFFFF	166
3383	#FFFFFF	166
3385	#FFFFFF	146
3386	#FFFFFF	67
3387	#FFFFFF	820
3388	#FFFFFF	820
3389	#FFFFFF	146
3390	#FFFFFF	146
3391	#FFFFFF	146
3392	#FFFFFF	146
3393	#FFFFFF	146
3394	#FFFFFF	1707
3395	#FFFFFF	67
3396	#FFFFFF	84
3397	#FFFFFF	67
3398	#FFFFFF	84
3399	#FFFFFF	84
3400	#FFFFFF	84
3402	#FFFFFF	84
3403	#FFFFFF	67
3404	#FFFFFF	67
3405	#FFFFFF	67
3406	#FFFFFF	67
3407	#FFFFFF	67
3408	#FFFFFF	67
3409	#FFFFFF	376
3410	#FFFFFF	376
3411	#FFFFFF	67
3412	#FFFFFF	165
3413	#FFFFFF	67
3414	#FFFFFF	67
3416	#FFFFFF	67
3417	#FFFFFF	67
3418	#FFFFFF	67
3419	#FFFFFF	67
3420	#FFFFFF	67
3421	#FFFFFF	14
3422	#FFFFFF	14
3423	#FFFFFF	14
3424	#FFFFFF	14
3425	#FFFFFF	14
3426	#FFFFFF	14
3427	#FFFFFF	14
3428	#FFFFFF	14
3430	#FFFFFF	67
3431	#FFFFFF	67
3432	#FFFFFF	67
3433	#FFFFFF	67
3435	#FFFFFF	67
3436	#FFFFFF	67
3437	#FFFFFF	67
3438	#FFFFFF	67
3439	#FFFFFF	820
3440	#FFFFFF	146
3441	#FFFFFF	146
3443	#FFFFFF	146
3444	#FFFFFF	1707
3445	#FFFFFF	67
3446	#FFFFFF	84
3447	#FFFFFF	84
3448	#FFFFFF	67
3449	#FFFFFF	84
3450	#FFFFFF	84
3451	#FFFFFF	67
3452	#FFFFFF	1160
3453	#FFFFFF	84
3454	#FFFFFF	84
3455	#FFFFFF	67
3456	#FFFFFF	67
3457	#FFFFFF	67
3458	#FFFFFF	67
3459	#FFFFFF	146
3460	#FFFFFF	67
3461	#FFFFFF	376
3462	#FFFFFF	376
3463	#FFFFFF	165
3464	#FFFFFF	67
3467	#FFFFFF	67
3468	#FFFFFF	67
3469	#FFFFFF	67
3470	#FFFFFF	67
3471	#FFFFFF	14
3472	#FFFFFF	14
3473	#FFFFFF	14
3474	#FFFFFF	14
3475	#FFFFFF	14
3476	#FFFFFF	67
3477	#FFFFFF	14
3478	#FFFFFF	14
3479	#FFFFFF	14
3480	#FFFFFF	67
3481	#FFFFFF	67
3482	#FFFFFF	67
3483	#FFFFFF	67
3484	#FFFFFF	67
3486	#FFFFFF	166
3487	#FFFFFF	34
3488	#FFFFFF	166
3489	#FFFFFF	166
3490	#FFFFFF	166
3491	#FFFFFF	34
3492	#FFFFFF	34
3493	#FFFFFF	34
3494	#FFFFFF	34
3495	#FFFFFF	34
3496	#FFFFFF	34
3497	#FFFFFF	166
3498	#FFFFFF	34
3499	#FFFFFF	166
3500	#FFFFFF	524
3501	#FFFFFF	524
3502	#FFFFFF	524
3503	#FFFFFF	166
3504	#FFFFFF	166
3505	#FFFFFF	166
3506	#FFFFFF	166
3507	#FFFFFF	83
3508	#FFFFFF	166
3509	#FFFFFF	166
3510	#FFFFFF	83
3511	#FFFFFF	83
3512	#FFFFFF	83
3513	#FFFFFF	83
3514	#FFFFFF	83
3515	#FFFFFF	83
3516	#FFFFFF	83
3517	#FFFFFF	1239
3518	#FFFFFF	1239
3519	#FFFFFF	1239
3520	#FFFFFF	166
3521	#FFFFFF	1239
3522	#FFFFFF	83
3523	#FFFFFF	1239
3524	#FFFFFF	1239
3525	#FFFFFF	83
3526	#FFFFFF	1239
3527	#FFFFFF	83
3528	#FFFFFF	83
3529	#FFFFFF	83
3531	#FFFFFF	166
3532	#FFFFFF	166
3533	#FFFFFF	166
3534	#FFFFFF	166
3535	#FFFFFF	166
3536	#FFFFFF	166
3537	#FFFFFF	166
3538	#FFFFFF	34
3539	#FFFFFF	166
3540	#FFFFFF	166
3541	#FFFFFF	166
3542	#FFFFFF	34
3543	#FFFFFF	166
3544	#FFFFFF	34
3545	#FFFFFF	34
3546	#FFFFFF	34
3547	#FFFFFF	34
3548	#FFFFFF	166
3549	#FFFFFF	166
3550	#FFFFFF	524
3551	#FFFFFF	524
3552	#FFFFFF	524
3553	#FFFFFF	166
3554	#FFFFFF	166
3555	#FFFFFF	166
3556	#FFFFFF	166
3557	#FFFFFF	166
3558	#FFFFFF	166
3559	#FFFFFF	166
3560	#FFFFFF	166
3561	#FFFFFF	83
3562	#FFFFFF	83
3563	#FFFFFF	83
3564	#FFFFFF	83
3565	#FFFFFF	83
3566	#FFFFFF	83
3567	#FFFFFF	83
3568	#FFFFFF	1239
3569	#FFFFFF	1239
3570	#FFFFFF	1239
3571	#FFFFFF	34
3572	#FFFFFF	83
3573	#FFFFFF	83
3574	#FFFFFF	1239
3575	#FFFFFF	83
3576	#FFFFFF	83
3577	#FFFFFF	1239
3578	#FFFFFF	1239
3579	#FFFFFF	1239
3580	#FFFFFF	83
3581	#FFFFFF	34
3582	#FFFFFF	166
3583	#FFFFFF	166
3584	#FFFFFF	166
3585	#FFFFFF	166
3587	#FFFFFF	34
3588	#FFFFFF	166
3589	#FFFFFF	166
3590	#FFFFFF	166
3591	#FFFFFF	166
3592	#FFFFFF	34
3593	#FFFFFF	34
3594	#FFFFFF	166
3595	#FFFFFF	34
3596	#FFFFFF	34
3597	#FFFFFF	34
3598	#FFFFFF	166
3599	#FFFFFF	166
3600	#FFFFFF	166
3601	#FFFFFF	166
3602	#FFFFFF	166
3603	#FFFFFF	166
3604	#FFFFFF	166
3605	#FFFFFF	166
3606	#FFFFFF	166
3607	#FFFFFF	166
3608	#FFFFFF	166
3609	#FFFFFF	166
3610	#FFFFFF	166
3611	#FFFFFF	83
3612	#FFFFFF	83
3613	#FFFFFF	83
3614	#FFFFFF	83
3615	#FFFFFF	83
3616	#FFFFFF	83
3617	#FFFFFF	83
3618	#FFFFFF	1239
3619	#FFFFFF	1239
3620	#FFFFFF	1239
3621	#FFFFFF	166
3622	#FFFFFF	83
3623	#FFFFFF	83
3624	#FFFFFF	1239
3625	#FFFFFF	1239
3626	#FFFFFF	1239
3627	#FFFFFF	83
3628	#FFFFFF	1239
3629	#FFFFFF	1239
3630	#FFFFFF	1239
3632	#FFFFFF	34
3633	#FFFFFF	34
3634	#FFFFFF	166
3635	#FFFFFF	166
3636	#FFFFFF	166
3637	#FFFFFF	34
3638	#FFFFFF	34
3639	#FFFFFF	166
3640	#FFFFFF	166
3641	#FFFFFF	166
3642	#FFFFFF	34
3643	#FFFFFF	34
3644	#FFFFFF	166
3645	#FFFFFF	166
3646	#FFFFFF	34
3647	#FFFFFF	34
3648	#FFFFFF	34
3649	#FFFFFF	166
3650	#FFFFFF	34
3651	#FFFFFF	166
3652	#FFFFFF	166
3653	#FFFFFF	166
3654	#FFFFFF	166
3655	#FFFFFF	166
3656	#FFFFFF	166
3657	#FFFFFF	166
3658	#FFFFFF	166
3659	#FFFFFF	166
3660	#FFFFFF	166
3661	#FFFFFF	34
3662	#FFFFFF	166
3663	#FFFFFF	83
3664	#FFFFFF	83
3665	#FFFFFF	166
3666	#FFFFFF	83
3667	#FFFFFF	83
3668	#FFFFFF	83
3669	#FFFFFF	1239
3670	#FFFFFF	83
3671	#FFFFFF	83
3672	#FFFFFF	34
3673	#FFFFFF	83
3674	#FFFFFF	1239
3675	#FFFFFF	83
3676	#FFFFFF	1239
3677	#FFFFFF	1239
3678	#FFFFFF	1239
3679	#FFFFFF	1239
3680	#FFFFFF	1239
3681	#FFFFFF	1239
3682	#FFFFFF	34
3683	#FFFFFF	34
3684	#FFFFFF	166
3685	#FFFFFF	166
3686	#FFFFFF	166
3688	#FFFFFF	34
3689	#FFFFFF	166
3690	#FFFFFF	166
3691	#FFFFFF	166
3692	#FFFFFF	166
3693	#FFFFFF	34
3694	#FFFFFF	166
3695	#FFFFFF	166
3696	#FFFFFF	34
3697	#FFFFFF	34
3698	#FFFFFF	34
3699	#FFFFFF	34
3700	#FFFFFF	34
3701	#FFFFFF	166
3702	#FFFFFF	166
3703	#FFFFFF	166
3704	#FFFFFF	166
3705	#FFFFFF	166
3706	#FFFFFF	166
3707	#FFFFFF	166
3708	#FFFFFF	166
3709	#FFFFFF	166
3710	#FFFFFF	166
3711	#FFFFFF	34
3712	#FFFFFF	166
3713	#FFFFFF	166
3714	#FFFFFF	83
3715	#FFFFFF	166
3716	#FFFFFF	83
3717	#FFFFFF	83
3718	#FFFFFF	83
3719	#FFFFFF	83
3720	#FFFFFF	83
3721	#FFFFFF	83
3722	#FFFFFF	34
3723	#FFFFFF	166
3724	#FFFFFF	83
3725	#FFFFFF	83
3726	#FFFFFF	83
3727	#FFFFFF	83
3728	#FFFFFF	1239
3729	#FFFFFF	1239
3730	#FFFFFF	1239
3731	#FFFFFF	83
3733	#FFFFFF	34
3734	#FFFFFF	34
3735	#FFFFFF	34
3736	#FFFFFF	166
3737	#FFFFFF	166
3738	#FFFFFF	34
3739	#FFFFFF	166
3740	#FFFFFF	34
3741	#FFFFFF	166
3742	#FFFFFF	166
3743	#FFFFFF	166
3744	#FFFFFF	34
3745	#FFFFFF	166
3746	#FFFFFF	166
3747	#FFFFFF	166
3748	#FFFFFF	34
3749	#FFFFFF	34
3750	#FFFFFF	166
3751	#FFFFFF	34
3752	#FFFFFF	166
3753	#FFFFFF	166
3754	#FFFFFF	166
3755	#FFFFFF	166
3756	#FFFFFF	166
3757	#FFFFFF	166
3758	#FFFFFF	166
3759	#FFFFFF	166
3760	#FFFFFF	166
3761	#FFFFFF	166
3762	#FFFFFF	34
3763	#FFFFFF	166
3764	#FFFFFF	166
3765	#FFFFFF	166
3766	#FFFFFF	166
3767	#FFFFFF	166
3768	#FFFFFF	166
3769	#FFFFFF	166
3770	#FFFFFF	83
3771	#FFFFFF	166
3772	#FFFFFF	166
3773	#FFFFFF	34
3774	#FFFFFF	83
3775	#FFFFFF	83
3776	#FFFFFF	83
3777	#FFFFFF	83
3778	#FFFFFF	83
3779	#FFFFFF	83
3780	#FFFFFF	1239
3781	#FFFFFF	83
3782	#FFFFFF	83
3783	#FFFFFF	34
3784	#FFFFFF	34
3785	#FFFFFF	34
3786	#FFFFFF	166
3787	#FFFFFF	166
3789	#FFFFFF	166
3790	#FFFFFF	34
3791	#FFFFFF	166
3792	#FFFFFF	166
3793	#FFFFFF	166
3794	#FFFFFF	34
3795	#FFFFFF	34
3796	#FFFFFF	166
3797	#FFFFFF	166
3798	#FFFFFF	34
3799	#FFFFFF	34
3800	#FFFFFF	166
3801	#FFFFFF	34
3802	#FFFFFF	166
3803	#FFFFFF	166
3804	#FFFFFF	166
3805	#FFFFFF	166
3806	#FFFFFF	166
3807	#FFFFFF	166
3808	#FFFFFF	166
3809	#FFFFFF	166
3810	#FFFFFF	166
3811	#FFFFFF	166
3812	#FFFFFF	34
3813	#FFFFFF	166
3814	#FFFFFF	166
3815	#FFFFFF	166
3816	#FFFFFF	1706
3817	#FFFFFF	166
3818	#FFFFFF	166
3819	#FFFFFF	166
3820	#FFFFFF	166
3821	#FFFFFF	166
3822	#FFFFFF	166
3823	#FFFFFF	34
3824	#FFFFFF	83
3825	#FFFFFF	83
3826	#FFFFFF	83
3827	#FFFFFF	83
3828	#FFFFFF	83
3829	#FFFFFF	83
3830	#FFFFFF	1239
3831	#FFFFFF	1239
3832	#FFFFFF	83
3834	#FFFFFF	34
3835	#FFFFFF	34
3836	#FFFFFF	34
3837	#FFFFFF	34
3838	#FFFFFF	166
3839	#FFFFFF	34
3840	#FFFFFF	34
3841	#FFFFFF	34
3842	#FFFFFF	34
3843	#FFFFFF	34
3844	#FFFFFF	34
3845	#FFFFFF	34
3846	#FFFFFF	166
3847	#FFFFFF	1215
3848	#FFFFFF	166
3849	#FFFFFF	166
3850	#FFFFFF	166
3851	#FFFFFF	166
3852	#FFFFFF	34
3853	#FFFFFF	166
3854	#FFFFFF	166
3855	#FFFFFF	166
3856	#FFFFFF	166
3857	#FFFFFF	166
3858	#FFFFFF	166
3859	#FFFFFF	166
3860	#FFFFFF	166
3861	#FFFFFF	166
3862	#FFFFFF	166
3863	#FFFFFF	34
3864	#FFFFFF	166
3865	#FFFFFF	166
3866	#FFFFFF	1706
3867	#FFFFFF	166
3868	#FFFFFF	166
3869	#FFFFFF	1706
3870	#FFFFFF	166
3871	#FFFFFF	166
3872	#FFFFFF	166
3873	#FFFFFF	166
3874	#FFFFFF	34
3875	#FFFFFF	83
3876	#FFFFFF	83
3877	#FFFFFF	83
3878	#FFFFFF	83
3879	#FFFFFF	83
3880	#FFFFFF	83
3881	#FFFFFF	1239
3882	#FFFFFF	83
3883	#FFFFFF	83
3884	#FFFFFF	34
3885	#FFFFFF	34
3886	#FFFFFF	34
3887	#FFFFFF	34
3888	#FFFFFF	166
3890	#FFFFFF	34
3891	#FFFFFF	34
3892	#FFFFFF	34
3893	#FFFFFF	34
3894	#FFFFFF	34
3895	#FFFFFF	34
3896	#FFFFFF	166
3897	#FFFFFF	1215
3898	#FFFFFF	166
3899	#FFFFFF	1215
3900	#FFFFFF	166
3901	#FFFFFF	166
3902	#FFFFFF	34
3903	#FFFFFF	166
3904	#FFFFFF	166
3905	#FFFFFF	166
3906	#FFFFFF	166
3907	#FFFFFF	166
3908	#FFFFFF	166
3909	#FFFFFF	166
3910	#FFFFFF	166
3911	#FFFFFF	166
3912	#FFFFFF	166
3913	#FFFFFF	34
3914	#FFFFFF	166
3915	#FFFFFF	166
3916	#FFFFFF	1706
3917	#FFFFFF	166
3918	#FFFFFF	166
3919	#FFFFFF	166
3920	#FFFFFF	1706
3921	#FFFFFF	166
3922	#FFFFFF	166
3923	#FFFFFF	166
3924	#FFFFFF	34
3925	#FFFFFF	166
3926	#FFFFFF	83
3927	#FFFFFF	83
3928	#FFFFFF	83
3929	#FFFFFF	83
3930	#FFFFFF	83
3931	#FFFFFF	83
3932	#FFFFFF	83
3933	#FFFFFF	83
3935	#FFFFFF	34
3936	#FFFFFF	34
3937	#FFFFFF	34
3938	#FFFFFF	166
3939	#FFFFFF	166
3940	#FFFFFF	166
3941	#FFFFFF	34
3942	#FFFFFF	34
3943	#FFFFFF	34
3944	#FFFFFF	166
3945	#FFFFFF	34
3946	#FFFFFF	166
3947	#FFFFFF	1215
3948	#FFFFFF	1215
3949	#FFFFFF	1215
3950	#FFFFFF	166
3951	#FFFFFF	166
3952	#FFFFFF	166
3953	#FFFFFF	34
3954	#FFFFFF	166
3955	#FFFFFF	166
3956	#FFFFFF	166
3957	#FFFFFF	166
3958	#FFFFFF	166
3959	#FFFFFF	166
3960	#FFFFFF	166
3961	#FFFFFF	166
3962	#FFFFFF	166
3963	#FFFFFF	166
3964	#FFFFFF	34
3965	#FFFFFF	166
3966	#FFFFFF	1706
3967	#FFFFFF	1706
3968	#FFFFFF	1706
3969	#FFFFFF	1706
3970	#FFFFFF	1706
3971	#FFFFFF	166
3972	#FFFFFF	166
3973	#FFFFFF	166
3974	#FFFFFF	166
3975	#FFFFFF	34
3976	#FFFFFF	166
3977	#FFFFFF	166
3978	#FFFFFF	166
3979	#FFFFFF	166
3980	#FFFFFF	83
3981	#FFFFFF	83
3982	#FFFFFF	83
3983	#FFFFFF	83
3984	#FFFFFF	83
3985	#FFFFFF	34
3986	#FFFFFF	34
3987	#FFFFFF	34
3988	#FFFFFF	166
3989	#FFFFFF	34
4042	#FFFFFF	67
4043	#FFFFFF	67
4044	#FFFFFF	67
4045	#FFFFFF	820
4046	#FFFFFF	820
4047	#FFFFFF	146
4048	#FFFFFF	146
4049	#FFFFFF	146
4050	#FFFFFF	820
4051	#FFFFFF	67
4052	#FFFFFF	84
4053	#FFFFFF	67
4054	#FFFFFF	67
4055	#FFFFFF	84
4056	#FFFFFF	84
4057	#FFFFFF	67
4058	#FFFFFF	67
4059	#FFFFFF	1160
4060	#FFFFFF	84
4061	#FFFFFF	67
4062	#FFFFFF	67
4063	#FFFFFF	67
4064	#FFFFFF	67
4065	#FFFFFF	146
4066	#FFFFFF	67
4067	#FFFFFF	67
4068	#FFFFFF	376
4069	#FFFFFF	165
4070	#FFFFFF	165
4071	#FFFFFF	67
4072	#FFFFFF	67
4074	#FFFFFF	67
4075	#FFFFFF	67
4076	#FFFFFF	67
4077	#FFFFFF	67
4078	#FFFFFF	67
4079	#FFFFFF	14
4080	#FFFFFF	14
4081	#FFFFFF	14
4082	#FFFFFF	14
4083	#FFFFFF	67
4084	#FFFFFF	14
4085	#FFFFFF	14
4087	#FFFFFF	67
4088	#FFFFFF	67
4089	#FFFFFF	67
4090	#FFFFFF	67
4091	#FFFFFF	67
4092	#FFFFFF	146
4093	#FFFFFF	67
4094	#FFFFFF	67
4095	#FFFFFF	820
4096	#FFFFFF	820
4097	#FFFFFF	820
4098	#FFFFFF	146
4099	#FFFFFF	820
4100	#FFFFFF	820
4101	#FFFFFF	67
4102	#FFFFFF	67
4103	#FFFFFF	67
4104	#FFFFFF	84
4105	#FFFFFF	67
4106	#FFFFFF	84
4107	#FFFFFF	67
4108	#FFFFFF	67
4109	#FFFFFF	1160
4110	#FFFFFF	84
4111	#FFFFFF	67
4112	#FFFFFF	67
4113	#FFFFFF	67
4114	#FFFFFF	67
4115	#FFFFFF	67
4116	#FFFFFF	146
4117	#FFFFFF	67
4118	#FFFFFF	376
4119	#FFFFFF	376
4120	#FFFFFF	165
4121	#FFFFFF	67
4122	#FFFFFF	165
4123	#FFFFFF	67
4125	#FFFFFF	67
4126	#FFFFFF	67
4127	#FFFFFF	67
4128	#FFFFFF	67
4129	#FFFFFF	67
4130	#FFFFFF	14
4131	#FFFFFF	14
4132	#FFFFFF	14
4133	#FFFFFF	67
4134	#FFFFFF	67
4135	#FFFFFF	14
4136	#FFFFFF	67
4137	#FFFFFF	67
4138	#FFFFFF	67
4139	#FFFFFF	67
4140	#FFFFFF	67
4141	#FFFFFF	67
4143	#FFFFFF	67
4144	#FFFFFF	67
4145	#FFFFFF	820
4146	#FFFFFF	820
4147	#FFFFFF	820
4148	#FFFFFF	820
4149	#FFFFFF	146
4150	#FFFFFF	820
4151	#FFFFFF	820
4152	#FFFFFF	67
4153	#FFFFFF	67
4154	#FFFFFF	84
4155	#FFFFFF	67
4156	#FFFFFF	67
4157	#FFFFFF	84
4158	#FFFFFF	67
4159	#FFFFFF	67
4160	#FFFFFF	1160
4161	#FFFFFF	84
4162	#FFFFFF	67
4163	#FFFFFF	67
4164	#FFFFFF	67
4165	#FFFFFF	67
4166	#FFFFFF	146
4167	#FFFFFF	67
4168	#FFFFFF	376
4169	#FFFFFF	376
4170	#FFFFFF	376
4171	#FFFFFF	165
4172	#FFFFFF	165
4173	#FFFFFF	165
4174	#FFFFFF	67
4176	#FFFFFF	67
4177	#FFFFFF	67
4178	#FFFFFF	67
4179	#FFFFFF	67
4180	#FFFFFF	67
4181	#FFFFFF	14
4182	#FFFFFF	67
4183	#FFFFFF	14
4184	#FFFFFF	67
4185	#FFFFFF	67
4186	#FFFFFF	67
4188	#FFFFFF	67
4189	#FFFFFF	67
4190	#FFFFFF	67
4191	#FFFFFF	67
4192	#FFFFFF	820
4193	#FFFFFF	67
4194	#FFFFFF	146
4195	#FFFFFF	67
4196	#FFFFFF	820
4197	#FFFFFF	820
4198	#FFFFFF	820
4199	#FFFFFF	820
4200	#FFFFFF	146
4201	#FFFFFF	820
4202	#FFFFFF	67
4203	#FFFFFF	67
4204	#FFFFFF	67
4205	#FFFFFF	67
4206	#FFFFFF	146
4207	#FFFFFF	67
4208	#FFFFFF	84
4209	#FFFFFF	67
4210	#FFFFFF	67
4211	#FFFFFF	1160
4212	#FFFFFF	67
4213	#FFFFFF	67
4214	#FFFFFF	67
4215	#FFFFFF	67
4216	#FFFFFF	67
4217	#FFFFFF	146
4218	#FFFFFF	67
4219	#FFFFFF	67
4220	#FFFFFF	376
4221	#FFFFFF	376
4223	#FFFFFF	165
4224	#FFFFFF	165
4225	#FFFFFF	67
4227	#FFFFFF	67
4228	#FFFFFF	67
4229	#FFFFFF	67
4230	#FFFFFF	67
4231	#FFFFFF	14
4232	#FFFFFF	67
4233	#FFFFFF	14
4234	#FFFFFF	14
4235	#FFFFFF	67
4236	#FFFFFF	67
4237	#FFFFFF	14
4238	#FFFFFF	67
4239	#FFFFFF	67
4240	#FFFFFF	67
4241	#FFFFFF	67
4242	#FFFFFF	820
4244	#FFFFFF	67
4245	#FFFFFF	146
4246	#FFFFFF	820
4247	#FFFFFF	820
4248	#FFFFFF	67
4249	#FFFFFF	820
4250	#FFFFFF	820
4251	#FFFFFF	820
4252	#FFFFFF	820
4253	#FFFFFF	67
4254	#FFFFFF	67
4255	#FFFFFF	67
4256	#FFFFFF	146
4257	#FFFFFF	67
4258	#FFFFFF	67
4259	#FFFFFF	67
4260	#FFFFFF	67
4261	#FFFFFF	1160
4262	#FFFFFF	67
4263	#FFFFFF	67
4264	#FFFFFF	67
4265	#FFFFFF	67
4266	#FFFFFF	67
4267	#FFFFFF	146
4268	#FFFFFF	67
4269	#FFFFFF	67
4270	#FFFFFF	67
4271	#FFFFFF	376
4272	#FFFFFF	376
4273	#FFFFFF	165
4274	#FFFFFF	165
4275	#FFFFFF	67
4276	#FFFFFF	165
4278	#FFFFFF	67
4279	#FFFFFF	67
4280	#FFFFFF	67
4281	#FFFFFF	67
4282	#FFFFFF	14
4283	#FFFFFF	67
4284	#FFFFFF	67
4285	#FFFFFF	14
4286	#FFFFFF	67
4287	#FFFFFF	14
4289	#FFFFFF	146
4290	#FFFFFF	67
4291	#FFFFFF	67
4292	#FFFFFF	67
4293	#FFFFFF	67
4294	#FFFFFF	146
4295	#FFFFFF	146
4296	#FFFFFF	146
4297	#FFFFFF	820
4298	#FFFFFF	67
4299	#FFFFFF	820
4300	#FFFFFF	820
4301	#FFFFFF	820
4302	#FFFFFF	67
4303	#FFFFFF	67
4304	#FFFFFF	67
4306	#FFFFFF	67
4307	#FFFFFF	146
4308	#FFFFFF	67
4309	#FFFFFF	67
4310	#FFFFFF	67
4311	#FFFFFF	67
4312	#FFFFFF	67
4313	#FFFFFF	67
4314	#FFFFFF	67
4315	#FFFFFF	67
4316	#FFFFFF	67
4317	#FFFFFF	376
4318	#FFFFFF	146
4319	#FFFFFF	67
4320	#FFFFFF	376
4321	#FFFFFF	376
4322	#FFFFFF	165
4323	#FFFFFF	165
4324	#FFFFFF	67
4325	#FFFFFF	165
4326	#FFFFFF	165
4327	#FFFFFF	165
4329	#FFFFFF	146
4330	#FFFFFF	67
4331	#FFFFFF	67
4332	#FFFFFF	67
4333	#FFFFFF	67
4334	#FFFFFF	67
4335	#FFFFFF	14
4336	#FFFFFF	67
4337	#FFFFFF	14
4338	#FFFFFF	14
4339	#FFFFFF	67
4340	#FFFFFF	67
4341	#FFFFFF	67
4342	#FFFFFF	67
4343	#FFFFFF	67
4345	#FFFFFF	146
4346	#FFFFFF	67
4347	#FFFFFF	820
4348	#FFFFFF	820
4349	#FFFFFF	67
4350	#FFFFFF	820
4352	#FFFFFF	820
4353	#FFFFFF	67
4354	#FFFFFF	67
4355	#FFFFFF	67
4356	#FFFFFF	67
4357	#FFFFFF	146
4358	#FFFFFF	67
4359	#FFFFFF	67
4360	#FFFFFF	67
4361	#FFFFFF	67
4362	#FFFFFF	67
4363	#FFFFFF	67
4364	#FFFFFF	67
4365	#FFFFFF	67
4366	#FFFFFF	67
4367	#FFFFFF	376
4368	#FFFFFF	146
4369	#FFFFFF	67
4370	#FFFFFF	67
4371	#FFFFFF	376
4372	#FFFFFF	165
4373	#FFFFFF	165
4374	#FFFFFF	165
4375	#FFFFFF	67
4376	#FFFFFF	165
4377	#FFFFFF	165
4378	#FFFFFF	67
4379	#FFFFFF	146
4381	#FFFFFF	67
4382	#FFFFFF	67
4383	#FFFFFF	67
4384	#FFFFFF	67
4385	#FFFFFF	67
4386	#FFFFFF	67
4387	#FFFFFF	14
4388	#FFFFFF	14
4390	#FFFFFF	146
4391	#FFFFFF	67
4392	#FFFFFF	67
4393	#FFFFFF	67
4394	#FFFFFF	67
4395	#FFFFFF	146
4396	#FFFFFF	146
4397	#FFFFFF	67
4398	#FFFFFF	67
4399	#FFFFFF	67
4400	#FFFFFF	67
4401	#FFFFFF	67
4402	#FFFFFF	820
4403	#FFFFFF	820
4404	#FFFFFF	67
4405	#FFFFFF	67
4406	#FFFFFF	67
4407	#FFFFFF	67
4408	#FFFFFF	146
4409	#FFFFFF	67
4410	#FFFFFF	67
4411	#FFFFFF	67
4412	#FFFFFF	67
4413	#FFFFFF	67
4414	#FFFFFF	67
4415	#FFFFFF	67
4416	#FFFFFF	67
4417	#FFFFFF	67
4418	#FFFFFF	376
4419	#FFFFFF	146
4420	#FFFFFF	67
4421	#FFFFFF	376
4422	#FFFFFF	165
4423	#FFFFFF	165
4424	#FFFFFF	165
4425	#FFFFFF	67
4426	#FFFFFF	165
4427	#FFFFFF	165
4428	#FFFFFF	67
4429	#FFFFFF	67
4430	#FFFFFF	146
4432	#FFFFFF	67
4433	#FFFFFF	67
4434	#FFFFFF	67
4435	#FFFFFF	67
4436	#FFFFFF	67
4437	#FFFFFF	67
4438	#FFFFFF	67
4439	#FFFFFF	14
4440	#FFFFFF	146
4441	#FFFFFF	67
4442	#FFFFFF	67
4443	#FFFFFF	67
4444	#FFFFFF	67
4446	#FFFFFF	67
4447	#FFFFFF	67
4448	#FFFFFF	67
4449	#FFFFFF	67
4450	#FFFFFF	67
4451	#FFFFFF	67
4452	#FFFFFF	820
4453	#FFFFFF	820
4454	#FFFFFF	820
4455	#FFFFFF	67
4456	#FFFFFF	67
4457	#FFFFFF	67
4458	#FFFFFF	67
4459	#FFFFFF	67
4460	#FFFFFF	67
4461	#FFFFFF	67
4462	#FFFFFF	67
4463	#FFFFFF	67
4464	#FFFFFF	67
4465	#FFFFFF	67
4466	#FFFFFF	67
4467	#FFFFFF	67
4468	#FFFFFF	67
4469	#FFFFFF	146
4471	#FFFFFF	376
4472	#FFFFFF	376
4473	#FFFFFF	165
4474	#FFFFFF	165
4475	#FFFFFF	67
4476	#FFFFFF	165
4477	#FFFFFF	165
4478	#FFFFFF	67
4479	#FFFFFF	67
4480	#FFFFFF	146
4481	#FFFFFF	67
4482	#FFFFFF	889
4483	#FFFFFF	67
4484	#FFFFFF	67
4485	#FFFFFF	67
4486	#FFFFFF	67
4487	#FFFFFF	67
4488	#FFFFFF	67
4489	#FFFFFF	67
4491	#FFFFFF	146
4492	#FFFFFF	146
4493	#FFFFFF	146
4494	#FFFFFF	67
4495	#FFFFFF	67
4496	#FFFFFF	67
4497	#FFFFFF	67
4498	#FFFFFF	67
4499	#FFFFFF	67
4500	#FFFFFF	67
4502	#FFFFFF	67
4503	#FFFFFF	820
4504	#FFFFFF	67
4505	#FFFFFF	820
4506	#FFFFFF	67
4507	#FFFFFF	67
4508	#FFFFFF	67
4509	#FFFFFF	67
4510	#FFFFFF	216
4511	#FFFFFF	67
4512	#FFFFFF	67
4513	#FFFFFF	67
4514	#FFFFFF	67
4515	#FFFFFF	67
4516	#FFFFFF	67
4517	#FFFFFF	67
4518	#FFFFFF	67
4519	#FFFFFF	67
4520	#FFFFFF	67
4521	#FFFFFF	376
4522	#FFFFFF	376
4523	#FFFFFF	376
4524	#FFFFFF	165
4525	#FFFFFF	165
4526	#FFFFFF	67
4527	#FFFFFF	165
4528	#FFFFFF	67
4529	#FFFFFF	67
4530	#FFFFFF	67
4531	#FFFFFF	146
4532	#FFFFFF	67
4534	#FFFFFF	67
4535	#FFFFFF	67
4536	#FFFFFF	67
4537	#FFFFFF	67
4538	#FFFFFF	67
4539	#FFFFFF	67
4540	#FFFFFF	14
4541	#FFFFFF	146
4542	#FFFFFF	146
4543	#FFFFFF	67
4544	#FFFFFF	67
4545	#FFFFFF	67
4547	#FFFFFF	67
4548	#FFFFFF	67
4549	#FFFFFF	146
4550	#FFFFFF	146
4551	#FFFFFF	146
4552	#FFFFFF	146
4553	#FFFFFF	146
4554	#FFFFFF	146
4555	#FFFFFF	146
4556	#FFFFFF	146
4557	#FFFFFF	146
4558	#FFFFFF	146
4559	#FFFFFF	67
4560	#FFFFFF	84
4561	#FFFFFF	84
4562	#FFFFFF	146
4563	#FFFFFF	146
4564	#FFFFFF	84
4565	#FFFFFF	84
4566	#FFFFFF	84
4567	#FFFFFF	84
4568	#FFFFFF	84
4569	#FFFFFF	810
4570	#FFFFFF	67
4574	#FFFFFF	4
4575	#FFFFFF	4
4576	#FFFFFF	4
4577	#FFFFFF	4
4578	#FFFFFF	4
4579	#FFFFFF	67
4580	#FFFFFF	14
4581	#FFFFFF	67
4582	#FFFFFF	14
4583	#FFFFFF	14
4584	#FFFFFF	14
4585	#FFFFFF	14
4586	#FFFFFF	14
4587	#FFFFFF	14
4588	#FFFFFF	14
4589	#FFFFFF	14
4590	#FFFFFF	14
4592	#FFFFFF	67
4593	#FFFFFF	67
4594	#FFFFFF	820
4596	#FFFFFF	820
4597	#FFFFFF	67
4598	#FFFFFF	67
4599	#FFFFFF	67
4600	#FFFFFF	146
4601	#FFFFFF	146
4602	#FFFFFF	146
4603	#FFFFFF	146
4604	#FFFFFF	146
4605	#FFFFFF	146
4606	#FFFFFF	146
4607	#FFFFFF	146
4608	#FFFFFF	146
4609	#FFFFFF	146
4610	#FFFFFF	67
4611	#FFFFFF	84
4612	#FFFFFF	84
4613	#FFFFFF	146
4614	#FFFFFF	146
4615	#FFFFFF	84
4616	#FFFFFF	84
4617	#FFFFFF	84
4618	#FFFFFF	84
4619	#FFFFFF	810
4620	#FFFFFF	810
4621	#FFFFFF	67
4622	#FFFFFF	4
4624	#FFFFFF	4
4625	#FFFFFF	4
4626	#FFFFFF	4
4627	#FFFFFF	4
4628	#FFFFFF	67
4629	#FFFFFF	67
4630	#FFFFFF	14
4631	#FFFFFF	14
4632	#FFFFFF	67
4633	#FFFFFF	14
4634	#FFFFFF	14
4635	#FFFFFF	14
4636	#FFFFFF	14
4637	#FFFFFF	14
4638	#FFFFFF	14
4639	#FFFFFF	14
4640	#FFFFFF	14
4641	#FFFFFF	14
4642	#FFFFFF	67
4643	#FFFFFF	146
4644	#FFFFFF	146
4645	#FFFFFF	146
4646	#FFFFFF	146
4648	#FFFFFF	67
4649	#FFFFFF	67
4650	#FFFFFF	146
4651	#FFFFFF	69
4652	#FFFFFF	146
4653	#FFFFFF	146
4654	#FFFFFF	146
4655	#FFFFFF	146
4656	#FFFFFF	146
4657	#FFFFFF	146
4658	#FFFFFF	146
4659	#FFFFFF	146
4660	#FFFFFF	67
4661	#FFFFFF	84
4662	#FFFFFF	146
4663	#FFFFFF	146
4664	#FFFFFF	84
4665	#FFFFFF	84
4666	#FFFFFF	84
4667	#FFFFFF	84
4668	#FFFFFF	84
4669	#FFFFFF	810
4670	#FFFFFF	810
4671	#FFFFFF	67
4672	#FFFFFF	4
4674	#FFFFFF	4
4675	#FFFFFF	4
4676	#FFFFFF	4
4677	#FFFFFF	4
4678	#FFFFFF	4
4679	#FFFFFF	67
4680	#FFFFFF	67
4681	#FFFFFF	14
4682	#FFFFFF	146
4683	#FFFFFF	14
4684	#FFFFFF	14
4685	#FFFFFF	14
4686	#FFFFFF	14
4687	#FFFFFF	14
4688	#FFFFFF	14
4689	#FFFFFF	14
4690	#FFFFFF	14
4691	#FFFFFF	14
4693	#FFFFFF	67
4694	#FFFFFF	146
4695	#FFFFFF	146
4696	#FFFFFF	146
4697	#FFFFFF	146
4698	#FFFFFF	67
4699	#FFFFFF	67
4700	#FFFFFF	67
4701	#FFFFFF	146
4702	#FFFFFF	69
4703	#FFFFFF	69
4704	#FFFFFF	69
4705	#FFFFFF	146
4706	#FFFFFF	146
4707	#FFFFFF	146
4708	#FFFFFF	146
4709	#FFFFFF	146
4710	#FFFFFF	84
4711	#FFFFFF	146
4712	#FFFFFF	146
4713	#FFFFFF	146
4714	#FFFFFF	84
4715	#FFFFFF	84
4716	#FFFFFF	84
4717	#FFFFFF	84
4718	#FFFFFF	84
4719	#FFFFFF	810
4720	#FFFFFF	810
4721	#FFFFFF	810
4722	#FFFFFF	146
4724	#FFFFFF	4
4725	#FFFFFF	4
4726	#FFFFFF	4
4727	#FFFFFF	4
4728	#FFFFFF	4
4729	#FFFFFF	4
4730	#FFFFFF	67
4731	#FFFFFF	14
4732	#FFFFFF	14
4733	#FFFFFF	146
4734	#FFFFFF	14
4735	#FFFFFF	14
4736	#FFFFFF	14
4737	#FFFFFF	14
4738	#FFFFFF	14
4739	#FFFFFF	14
4740	#FFFFFF	14
4741	#FFFFFF	14
4742	#FFFFFF	14
4743	#FFFFFF	146
4744	#FFFFFF	146
4745	#FFFFFF	146
4746	#FFFFFF	146
4747	#FFFFFF	146
4749	#FFFFFF	67
4750	#FFFFFF	67
4751	#FFFFFF	146
4752	#FFFFFF	146
4753	#FFFFFF	69
4754	#FFFFFF	69
4755	#FFFFFF	146
4756	#FFFFFF	146
4757	#FFFFFF	146
4758	#FFFFFF	146
4760	#FFFFFF	84
4761	#FFFFFF	67
4762	#FFFFFF	146
4763	#FFFFFF	146
4765	#FFFFFF	146
4766	#FFFFFF	146
4767	#FFFFFF	84
4768	#FFFFFF	84
4769	#FFFFFF	84
4770	#FFFFFF	810
4771	#FFFFFF	810
4772	#FFFFFF	146
4774	#FFFFFF	4
4775	#FFFFFF	4
4776	#FFFFFF	4
4777	#FFFFFF	4
4778	#FFFFFF	4
4779	#FFFFFF	4
4780	#FFFFFF	67
4781	#FFFFFF	14
4782	#FFFFFF	14
4783	#FFFFFF	146
4784	#FFFFFF	14
4785	#FFFFFF	14
4786	#FFFFFF	14
4787	#FFFFFF	14
4788	#FFFFFF	14
4789	#FFFFFF	14
4790	#FFFFFF	14
4791	#FFFFFF	14
4792	#FFFFFF	14
4794	#FFFFFF	146
4795	#FFFFFF	146
4796	#FFFFFF	146
4797	#FFFFFF	146
4798	#FFFFFF	146
4799	#FFFFFF	67
4800	#FFFFFF	67
4801	#FFFFFF	67
4803	#FFFFFF	146
4804	#FFFFFF	69
4805	#FFFFFF	69
4806	#FFFFFF	146
4807	#FFFFFF	146
4808	#FFFFFF	146
4809	#FFFFFF	146
4810	#FFFFFF	84
4811	#FFFFFF	146
4812	#FFFFFF	146
4813	#FFFFFF	146
4814	#FFFFFF	146
4815	#FFFFFF	146
4816	#FFFFFF	146
4817	#FFFFFF	146
4818	#FFFFFF	84
4819	#FFFFFF	84
4820	#FFFFFF	810
4821	#FFFFFF	810
4823	#FFFFFF	146
4824	#FFFFFF	4
4825	#FFFFFF	4
4826	#FFFFFF	4
4827	#FFFFFF	4
4828	#FFFFFF	4
4829	#FFFFFF	14
4830	#FFFFFF	67
4831	#FFFFFF	14
4832	#FFFFFF	14
4833	#FFFFFF	14
4834	#FFFFFF	146
4835	#FFFFFF	14
4836	#FFFFFF	14
4837	#FFFFFF	14
4838	#FFFFFF	14
4839	#FFFFFF	14
4840	#FFFFFF	14
4841	#FFFFFF	14
4842	#FFFFFF	14
4843	#FFFFFF	14
4844	#FFFFFF	146
4845	#FFFFFF	146
4846	#FFFFFF	146
4847	#FFFFFF	146
4848	#FFFFFF	69
4850	#FFFFFF	67
4851	#FFFFFF	67
4852	#FFFFFF	69
4853	#FFFFFF	69
4854	#FFFFFF	146
4855	#FFFFFF	69
4856	#FFFFFF	146
4857	#FFFFFF	146
4858	#FFFFFF	146
4859	#FFFFFF	146
4860	#FFFFFF	146
4861	#FFFFFF	146
4862	#FFFFFF	67
4863	#FFFFFF	146
4864	#FFFFFF	146
4865	#FFFFFF	146
4868	#FFFFFF	84
4869	#FFFFFF	84
4870	#FFFFFF	84
4871	#FFFFFF	4
4873	#FFFFFF	146
4874	#FFFFFF	4
4875	#FFFFFF	4
4876	#FFFFFF	4
4877	#FFFFFF	4
4878	#FFFFFF	4
4879	#FFFFFF	4
4880	#FFFFFF	14
4881	#FFFFFF	14
4882	#FFFFFF	14
4883	#FFFFFF	14
4884	#FFFFFF	146
4885	#FFFFFF	14
4886	#FFFFFF	14
4887	#FFFFFF	14
4888	#FFFFFF	14
4889	#FFFFFF	14
4890	#FFFFFF	14
4891	#FFFFFF	14
4892	#FFFFFF	14
4893	#FFFFFF	14
4895	#FFFFFF	146
4896	#FFFFFF	146
4897	#FFFFFF	146
4898	#FFFFFF	146
4899	#FFFFFF	146
4900	#FFFFFF	67
4901	#FFFFFF	67
4902	#FFFFFF	67
4903	#FFFFFF	69
4904	#FFFFFF	69
4905	#FFFFFF	69
4906	#FFFFFF	69
4907	#FFFFFF	146
4908	#FFFFFF	146
4909	#FFFFFF	146
4910	#FFFFFF	146
4911	#FFFFFF	146
4913	#FFFFFF	146
4914	#FFFFFF	146
4915	#FFFFFF	146
4916	#FFFFFF	146
4917	#FFFFFF	146
4918	#FFFFFF	84
4919	#FFFFFF	84
4920	#FFFFFF	84
4921	#FFFFFF	84
4923	#FFFFFF	4
4924	#FFFFFF	146
4925	#FFFFFF	4
4926	#FFFFFF	4
4927	#FFFFFF	4
4928	#FFFFFF	4
4929	#FFFFFF	4
4930	#FFFFFF	14
4931	#FFFFFF	14
4932	#FFFFFF	14
4933	#FFFFFF	14
4934	#FFFFFF	14
4935	#FFFFFF	146
4936	#FFFFFF	14
4937	#FFFFFF	14
4938	#FFFFFF	14
4939	#FFFFFF	14
4940	#FFFFFF	14
4941	#FFFFFF	14
4942	#FFFFFF	14
4943	#FFFFFF	14
4944	#FFFFFF	14
4945	#FFFFFF	146
4946	#FFFFFF	146
4947	#FFFFFF	146
4948	#FFFFFF	146
4949	#FFFFFF	146
4951	#FFFFFF	67
4952	#FFFFFF	67
4953	#FFFFFF	69
4954	#FFFFFF	69
4955	#FFFFFF	69
4956	#FFFFFF	69
4957	#FFFFFF	146
4958	#FFFFFF	146
4959	#FFFFFF	146
4960	#FFFFFF	146
4961	#FFFFFF	146
4962	#FFFFFF	146
4963	#FFFFFF	67
4964	#FFFFFF	146
4965	#FFFFFF	146
4966	#FFFFFF	146
4967	#FFFFFF	146
4968	#FFFFFF	84
4969	#FFFFFF	84
4970	#FFFFFF	1106
4971	#FFFFFF	84
4973	#FFFFFF	4
4974	#FFFFFF	146
4975	#FFFFFF	4
4976	#FFFFFF	4
4977	#FFFFFF	14
4978	#FFFFFF	4
4979	#FFFFFF	4
4980	#FFFFFF	4
4981	#FFFFFF	4
4982	#FFFFFF	14
4983	#FFFFFF	14
4984	#FFFFFF	14
4985	#FFFFFF	146
4986	#FFFFFF	14
4987	#FFFFFF	14
4988	#FFFFFF	14
4989	#FFFFFF	14
4990	#FFFFFF	14
4991	#FFFFFF	14
4992	#FFFFFF	14
4993	#FFFFFF	14
4994	#FFFFFF	14
4996	#FFFFFF	146
4997	#FFFFFF	146
4998	#FFFFFF	146
4999	#FFFFFF	146
5000	#FFFFFF	146
5001	#FFFFFF	67
5002	#FFFFFF	67
5003	#FFFFFF	67
5004	#FFFFFF	69
5005	#FFFFFF	69
5006	#FFFFFF	69
5007	#FFFFFF	69
5008	#FFFFFF	146
5009	#FFFFFF	146
5010	#FFFFFF	146
5011	#FFFFFF	146
5012	#FFFFFF	146
5013	#FFFFFF	146
5014	#FFFFFF	146
5015	#FFFFFF	146
5016	#FFFFFF	146
5017	#FFFFFF	146
5018	#FFFFFF	146
5019	#FFFFFF	84
5020	#FFFFFF	1106
5021	#FFFFFF	1106
5023	#FFFFFF	4
5024	#FFFFFF	4
5025	#FFFFFF	146
5026	#FFFFFF	4
5027	#FFFFFF	14
5028	#FFFFFF	4
5029	#FFFFFF	4
5030	#FFFFFF	4
5031	#FFFFFF	4
5032	#FFFFFF	4
5033	#FFFFFF	14
5034	#FFFFFF	14
5035	#FFFFFF	14
5036	#FFFFFF	146
5037	#FFFFFF	14
5038	#FFFFFF	14
5039	#FFFFFF	14
5040	#FFFFFF	14
5041	#FFFFFF	14
5042	#FFFFFF	14
5043	#FFFFFF	4
5044	#FFFFFF	14
5045	#FFFFFF	14
5046	#FFFFFF	146
5047	#FFFFFF	146
5048	#FFFFFF	146
5049	#FFFFFF	146
5050	#FFFFFF	146
