group	label	showSelected1
1	Cluster 2: 903/13302 pixels shown, logFC -4.6 to 4.4, log10(p) 0.0 to 4.0	2
1	Cluster 4: 78/7484 pixels shown, logFC -4.3 to 5.1, log10(p) 0.0 to 3.7	4
1	Cluster 34: 87/3139 pixels shown, logFC -3.8 to 4.5, log10(p) 0.0 to 3.2	34
1	Cluster 67: 13/2295 pixels shown, logFC -4.6 to 4.8, log10(p) 0.0 to 3.4	67
1	Cluster 69: 1995/6358 pixels shown, logFC -3.8 to 4.1, log10(p) 0.0 to 3.2	69
1	Cluster 78: 418/1216 pixels shown, logFC -2.6 to 4.5, log10(p) 0.0 to 3.2	78
1	Cluster 146: 346/1819 pixels shown, logFC -4.0 to 4.1, log10(p) 0.0 to 4.1	146
1	Cluster 307: 9/620 pixels shown, logFC -4.3 to 2.1, log10(p) 0.0 to 3.6	307
1	Cluster 327: 95/469 pixels shown, logFC -2.9 to 3.9, log10(p) 0.0 to 2.3	327
1	Cluster 492: 75/75 pixels shown, logFC -1.6 to 3.6, log10(p) 0.0 to 2.7	492
1	Cluster 683: 458/458 pixels shown, logFC -1.9 to 2.7, log10(p) 0.0 to 2.5	683
1	Cluster 691: 601/3666 pixels shown, logFC -3.4 to 3.6, log10(p) 0.0 to 4.5	691
